start,end,"Form 3. This form is regarding flooding and maintenance. To answer the questions, please interview a person from that area","Section 1: General information and safety In this section, you will answer general information.",1.1 Your safety is our priority. ,1.2 Team code,Section 2: Questions are related to  flood and maintenance ,2.1 Does the drain have a history of flooding?,2.1 Does the drain have a history of flooding?/Yes,2.1 Does the drain have a history of flooding?/No,2.1 Does the drain have a history of flooding?/Cannot find info.,"2.2 During heavy rain, approx. height of water that flows on the road?",2.3 Does desilting happen often?,2.4 When was this SWD last cleaned?,2.5 Does the local community know who maintains the drain? ,Thank you for filling the audit form ,_id,_uuid,_submission_time,_validation_status,_notes,_status,_submitted_by,__version__,_tags,meta/rootUuid,_index,,,,,,,,,,,,,,,,,,,,,,,,,,,,,,,,,,,,,,,,,,,,,,
10-01-2026,10-01-2026,,,"Yes, I feel safe to conduct audit",A1,,Yes,1,0,0,6-10 inches,Once a year,More than 6 months,GBA (Previously known as BBMP) Ward Office,OK,645825970,7c49cd06-e67b-4782-ac29-3367b9dddea8,10-01-2026,,,submitted_via_web,,vJEYTnih43h86inVikMyrj,,uuid:7c49cd06-e67b-4782-ac29-3367b9dddea8,1,,,,,,,,,,,,,,,,,,,,,,,,,,,,,,,,,,,,,,,,,,,,,,
10-01-2026,10-01-2026,,,"Yes, I feel safe to conduct audit",A3,,No,0,1,0,2-5 inches,Every 6 months,2-6 months back,GBA (Previously known as BBMP) Ward Office,OK,645828032,5a8309e4-f31f-4fa3-ab3b-74f118fcfb02,10-01-2026,,,submitted_via_web,,vJEYTnih43h86inVikMyrj,,uuid:5a8309e4-f31f-4fa3-ab3b-74f118fcfb02,2,,,,,,,,,,,,,,,,,,,,,,,,,,,,,,,,,,,,,,,,,,,,,,
10-01-2026,10-01-2026,,,"Yes, I feel safe to conduct audit",A3,,Yes,1,0,0,2-5 inches,Every 6 months,2-6 months back,GBA (Previously known as BBMP) Ward Office,OK,645835866,6eba75db-e5e4-475e-b717-50c7ea6fabe7,10-01-2026,,,submitted_via_web,,vJEYTnih43h86inVikMyrj,,uuid:6eba75db-e5e4-475e-b717-50c7ea6fabe7,3,,,,,,,,,,,,,,,,,,,,,,,,,,,,,,,,,,,,,,,,,,,,,,
10-01-2026,10-01-2026,,,"Yes, I feel safe to conduct audit",A2,,No,0,1,0,Does not flood,Cannot find info.,More than 6 months,GBA (Previously known as BBMP) Ward Office,OK,645856798,4bb6d9e8-5bb3-4949-90d2-6b941085f73b,10-01-2026,,,submitted_via_web,,vJEYTnih43h86inVikMyrj,,uuid:4bb6d9e8-5bb3-4949-90d2-6b941085f73b,4,,,,,,,,,,,,,,,,,,,,,,,,,,,,,,,,,,,,,,,,,,,,,,
10-01-2026,10-01-2026,,,"Yes, I feel safe to conduct audit",A2,,Yes,1,0,0,More than 10 inches,Do not know,Cannot find info.,No one,OK,645856807,b5ca6408-8568-4133-8f05-b93a71ba3b9d,10-01-2026,,,submitted_via_web,,vJEYTnih43h86inVikMyrj,,uuid:b5ca6408-8568-4133-8f05-b93a71ba3b9d,5,,,,,,,,,,,,,,,,,,,,,,,,,,,,,,,,,,,,,,,,,,,,,,
10-01-2026,10-01-2026,,,"Yes, I feel safe to conduct audit",A2,,Yes,1,0,0,More than 10 inches,Do not know,2-6 months back,Do not know,OK,645856812,49d7eda2-735a-4aef-aaa8-8a672f801312,10-01-2026,,,submitted_via_web,,vJEYTnih43h86inVikMyrj,,uuid:49d7eda2-735a-4aef-aaa8-8a672f801312,6,,,,,,,,,,,,,,,,,,,,,,,,,,,,,,,,,,,,,,,,,,,,,,
10-01-2026,10-01-2026,,,"Yes, I feel safe to conduct audit",A2,,Yes,1,0,0,More than 10 inches,Cannot find info.,Cannot find info.,Do not know,OK,645856819,090a63a7-7cc0-4ad7-a37b-85e59e5d661f,10-01-2026,,,submitted_via_web,,vJEYTnih43h86inVikMyrj,,uuid:090a63a7-7cc0-4ad7-a37b-85e59e5d661f,7,,,,,,,,,,,,,,,,,,,,,,,,,,,,,,,,,,,,,,,,,,,,,,
10-01-2026,10-01-2026,,,"Yes, I feel safe to conduct audit",A2,,Yes,1,0,0,Upto  1 inch,Do not know,2-6 months back,GBA (Previously known as BBMP) Ward Office,OK,645856825,72f57cfe-6f89-4911-ac62-57d31cb9cd0b,10-01-2026,,,submitted_via_web,,vJEYTnih43h86inVikMyrj,,uuid:72f57cfe-6f89-4911-ac62-57d31cb9cd0b,8,,,,,,,,,,,,,,,,,,,,,,,,,,,,,,,,,,,,,,,,,,,,,,
10-01-2026,10-01-2026,,,"Yes, I feel safe to conduct audit",A2,,Yes,1,0,0,More than 10 inches,Do not know,2-6 months back,GBA (Previously known as BBMP) Ward Office,OK,645856831,1d2504b4-48dc-4f0e-be31-7c963b5b5dbb,10-01-2026,,,submitted_via_web,,vJEYTnih43h86inVikMyrj,,uuid:1d2504b4-48dc-4f0e-be31-7c963b5b5dbb,9,,,,,,,,,,,,,,,,,,,,,,,,,,,,,,,,,,,,,,,,,,,,,,
10-01-2026,10-01-2026,,,"Yes, I feel safe to conduct audit",A1,,Yes,1,0,0,More than 10 inches,Do not know,More than 6 months,No one,OK,645869771,e18efab9-1fbe-431f-922f-1847c0ee3d2f,10-01-2026,,,submitted_via_web,,vJEYTnih43h86inVikMyrj,,uuid:e18efab9-1fbe-431f-922f-1847c0ee3d2f,10,,,,,,,,,,,,,,,,,,,,,,,,,,,,,,,,,,,,,,,,,,,,,,
10-01-2026,10-01-2026,,,"Yes, I feel safe to conduct audit",A1,,Yes,1,0,0,Cannot find info. ,Cannot find info.,Cannot find info.,Do not know,OK,645870278,5d2077f8-ff94-4fc8-8833-d30e568fc876,10-01-2026,,,submitted_via_web,,vJEYTnih43h86inVikMyrj,,uuid:5d2077f8-ff94-4fc8-8833-d30e568fc876,11,,,,,,,,,,,,,,,,,,,,,,,,,,,,,,,,,,,,,,,,,,,,,,
10-01-2026,10-01-2026,,,"Yes, I feel safe to conduct audit",A1,,Yes,1,0,0,More than 10 inches,Cannot find info.,Cannot find info.,GBA (Previously known as BBMP) Ward Office,OK,645870285,5cd43ebc-45c9-4131-908d-05e4a5d6d42a,10-01-2026,,,submitted_via_web,,vJEYTnih43h86inVikMyrj,,uuid:5cd43ebc-45c9-4131-908d-05e4a5d6d42a,12,,,,,,,,,,,,,,,,,,,,,,,,,,,,,,,,,,,,,,,,,,,,,,
10-01-2026,10-01-2026,,,"Yes, I feel safe to conduct audit",A1,,Yes,1,0,0,More than 10 inches,Every 6 months,2-6 months back,GBA (Previously known as BBMP) Ward Office,OK,645871077,e3e1de0e-f44c-4109-b422-86bf04e4513d,10-01-2026,,,submitted_via_web,,vJEYTnih43h86inVikMyrj,,uuid:e3e1de0e-f44c-4109-b422-86bf04e4513d,13,,,,,,,,,,,,,,,,,,,,,,,,,,,,,,,,,,,,,,,,,,,,,,
10-01-2026,10-01-2026,,,"Yes, I feel safe to conduct audit",A1,,Yes,1,0,0,Upto  1 inch,Do not know,2-6 months back,GBA (Previously known as BBMP) Ward Office,OK,645872730,d3a53693-a032-4964-a1de-8d5209e63995,10-01-2026,,,submitted_via_web,,vJEYTnih43h86inVikMyrj,,uuid:d3a53693-a032-4964-a1de-8d5209e63995,14,,,,,,,,,,,,,,,,,,,,,,,,,,,,,,,,,,,,,,,,,,,,,,
10-01-2026,10-01-2026,,,"Yes, I feel safe to conduct audit",A3,,No,0,1,0,Does not flood,Once a year,More than 6 months,GBA (Previously known as BBMP) Ward Office,OK,646336293,bd53b43c-358e-450e-8e42-de322c3addf4,11-01-2026,,,submitted_via_web,,vJEYTnih43h86inVikMyrj,,uuid:bd53b43c-358e-450e-8e42-de322c3addf4,15,,,,,,,,,,,,,,,,,,,,,,,,,,,,,,,,,,,,,,,,,,,,,,
10-01-2026,10-01-2026,,,"Yes, I feel safe to conduct audit",A3,,Yes,1,0,0,2-5 inches,Once a year,More than 6 months,Do not know,OK,646336299,d0721811-8b93-437a-b9c1-b3ecfe8c19ff,11-01-2026,,,submitted_via_web,,vJEYTnih43h86inVikMyrj,,uuid:d0721811-8b93-437a-b9c1-b3ecfe8c19ff,16,,,,,,,,,,,,,,,,,,,,,,,,,,,,,,,,,,,,,,,,,,,,,,
10-01-2026,10-01-2026,,,"Yes, I feel safe to conduct audit",A3,,Yes,1,0,0,Upto  1 inch,Every 6 months,2-6 months back,Do not know,OK,646336390,105860fc-dd55-4698-a5ec-09d356a8ef34,11-01-2026,,,submitted_via_web,,vJEYTnih43h86inVikMyrj,,uuid:105860fc-dd55-4698-a5ec-09d356a8ef34,17,,,,,,,,,,,,,,,,,,,,,,,,,,,,,,,,,,,,,,,,,,,,,,
31-01-2026,31-01-2026,,,"Yes, I feel safe to conduct audit",A5,,Yes,1,0,0,More than 10 inches,Every 6 months,More than 6 months,GBA SWD Dept. ,OK,660501659,7db54646-b143-4bc8-8e73-555872c0ec51,31-01-2026,,,submitted_via_web,,vJEYTnih43h86inVikMyrj,,uuid:7db54646-b143-4bc8-8e73-555872c0ec51,18,,,,,,,,,,,,,,,,,,,,,,,,,,,,,,,,,,,,,,,,,,,,,,
31-01-2026,31-01-2026,,,"Yes, I feel safe to conduct audit",A6,,Yes,1,0,0,2-5 inches,Once a year,2-6 months back,Do not know,OK,660510931,aceb54a9-50e5-4e50-87b5-3915e28f5963,31-01-2026,,,submitted_via_web,,vJEYTnih43h86inVikMyrj,,uuid:aceb54a9-50e5-4e50-87b5-3915e28f5963,19,,,,,,,,,,,,,,,,,,,,,,,,,,,,,,,,,,,,,,,,,,,,,,
31-01-2026,31-01-2026,,,"Yes, I feel safe to conduct audit",A6,,Yes,1,0,0,2-5 inches,Do not know,More than 6 months,GBA (Previously known as BBMP) Ward Office,OK,660514519,443affe2-8429-4ebe-92d0-b853107949b6,31-01-2026,,,submitted_via_web,,vJEYTnih43h86inVikMyrj,,uuid:443affe2-8429-4ebe-92d0-b853107949b6,20,,,,,,,,,,,,,,,,,,,,,,,,,,,,,,,,,,,,,,,,,,,,,,
31-01-2026,31-01-2026,,,"Yes, I feel safe to conduct audit",A5,,No,0,1,0,Does not flood,Once a year,Last month,GBA (Previously known as BBMP) Ward Office,OK,660526416,b9c6b286-7f39-4d17-a826-a1dbdfb21032,31-01-2026,,,submitted_via_web,,vJEYTnih43h86inVikMyrj,,uuid:b9c6b286-7f39-4d17-a826-a1dbdfb21032,21,,,,,,,,,,,,,,,,,,,,,,,,,,,,,,,,,,,,,,,,,,,,,,
31-01-2026,31-01-2026,,,,,,No,0,1,0,Does not flood,Once a year,More than 6 months,Do not know,OK,660526426,ab42f4d1-7ba9-4486-b2a2-f092a4412ecd,31-01-2026,,,submitted_via_web,,vJEYTnih43h86inVikMyrj,,uuid:ab42f4d1-7ba9-4486-b2a2-f092a4412ecd,22,,,,,,,,,,,,,,,,,,,,,,,,,,,,,,,,,,,,,,,,,,,,,,
31-01-2026,31-01-2026,,,"Yes, I feel safe to conduct audit",A5,,Yes,1,0,0,More than 10 inches,Every 6 months,More than 6 months,GBA (Previously known as BBMP) Ward Office,OK,660526434,00db775b-3812-47b4-bd44-3618172016f7,31-01-2026,,,submitted_via_web,,vJEYTnih43h86inVikMyrj,,uuid:00db775b-3812-47b4-bd44-3618172016f7,23,,,,,,,,,,,,,,,,,,,,,,,,,,,,,,,,,,,,,,,,,,,,,,
31-01-2026,31-01-2026,,,"Yes, I feel safe to conduct audit",A5,,Yes,1,0,0,More than 10 inches,Do not know,Cannot find info.,Do not know,,660526441,d86d9bb2-0eab-4a32-ad63-f3e4c8be620b,31-01-2026,,,submitted_via_web,,vJEYTnih43h86inVikMyrj,,uuid:d86d9bb2-0eab-4a32-ad63-f3e4c8be620b,24,,,,,,,,,,,,,,,,,,,,,,,,,,,,,,,,,,,,,,,,,,,,,,
31-01-2026,31-01-2026,,,"Yes, I feel safe to conduct audit",A5,,Yes,1,0,0,2-5 inches,Once a year,More than 6 months,Do not know,OK,660526446,5d916583-18f5-405d-b30d-2b6e1071c8de,31-01-2026,,,submitted_via_web,,vJEYTnih43h86inVikMyrj,,uuid:5d916583-18f5-405d-b30d-2b6e1071c8de,25,,,,,,,,,,,,,,,,,,,,,,,,,,,,,,,,,,,,,,,,,,,,,,
31-01-2026,31-01-2026,,,"Yes, I feel safe to conduct audit",A6,,Yes,1,0,0,More than 10 inches,Do not know,Cannot find info.,GBA (Previously known as BBMP) Ward Office,OK,660530275,46a00d48-90e5-4a0d-a638-454eac092724,31-01-2026,,,submitted_via_web,,vJEYTnih43h86inVikMyrj,,uuid:46a00d48-90e5-4a0d-a638-454eac092724,26,,,,,,,,,,,,,,,,,,,,,,,,,,,,,,,,,,,,,,,,,,,,,,
31-01-2026,31-01-2026,,,"Yes, I feel safe to conduct audit",A7,,No,0,1,0,Does not flood,Every 6 months,More than 6 months,Do not know,OK,660530421,605c9bd8-3413-4e97-82af-d0a8353c2d25,31-01-2026,,,submitted_via_web,,vJEYTnih43h86inVikMyrj,,uuid:605c9bd8-3413-4e97-82af-d0a8353c2d25,27,,,,,,,,,,,,,,,,,,,,,,,,,,,,,,,,,,,,,,,,,,,,,,
31-01-2026,31-01-2026,,,"Yes, I feel safe to conduct audit",A7,,No,0,1,0,Does not flood,Every 6 months,2-6 months back,GBA (Previously known as BBMP) Ward Office,OK,660530742,7fb4cf91-83d5-4492-ad73-4d847c8d44cc,31-01-2026,,,submitted_via_web,,vJEYTnih43h86inVikMyrj,,uuid:7fb4cf91-83d5-4492-ad73-4d847c8d44cc,28,,,,,,,,,,,,,,,,,,,,,,,,,,,,,,,,,,,,,,,,,,,,,,
31-01-2026,31-01-2026,,,"Yes, I feel safe to conduct audit",A7,,No,0,1,0,Does not flood,Every 6 months,2-6 months back,GBA (Previously known as BBMP) Ward Office,OK,660530752,1d90f909-0ee2-4d76-8094-bbb3086e890f,31-01-2026,,,submitted_via_web,,vJEYTnih43h86inVikMyrj,,uuid:1d90f909-0ee2-4d76-8094-bbb3086e890f,29,,,,,,,,,,,,,,,,,,,,,,,,,,,,,,,,,,,,,,,,,,,,,,
31-01-2026,31-01-2026,,,"Yes, I feel safe to conduct audit",A7,,No,0,1,0,Does not flood,Every 6 months,2-6 months back,GBA (Previously known as BBMP) Ward Office,OK,660531123,9c5623d2-d6fc-4448-83e4-c8e1c9a33ed3,31-01-2026,,,submitted_via_web,,vJEYTnih43h86inVikMyrj,,uuid:9c5623d2-d6fc-4448-83e4-c8e1c9a33ed3,30,,,,,,,,,,,,,,,,,,,,,,,,,,,,,,,,,,,,,,,,,,,,,,
31-01-2026,31-01-2026,,,"Yes, I feel safe to conduct audit",A4,,Yes,1,0,0,Does not flood,Do not know,2-6 months back,GBA (Previously known as BBMP) Ward Office,OK,660531359,fd03385f-b750-4462-94f6-c9a8327856c9,31-01-2026,,,submitted_via_web,,vJEYTnih43h86inVikMyrj,,uuid:fd03385f-b750-4462-94f6-c9a8327856c9,31,,,,,,,,,,,,,,,,,,,,,,,,,,,,,,,,,,,,,,,,,,,,,,
31-01-2026,31-01-2026,,,"Yes, I feel safe to conduct audit",A4,,Yes,1,0,0,More than 10 inches,Once a year,2-6 months back,GBA (Previously known as BBMP) Ward Office,OK,660597771,7cec78be-2be6-425c-8adc-4f6d43ede726,31-01-2026,,,submitted_via_web,,vJEYTnih43h86inVikMyrj,,uuid:7cec78be-2be6-425c-8adc-4f6d43ede726,32,,,,,,,,,,,,,,,,,,,,,,,,,,,,,,,,,,,,,,,,,,,,,,
31-01-2026,31-01-2026,,,"Yes, I feel safe to conduct audit",A4,,Yes,1,0,0,Does not flood,Do not know,2-6 months back,GBA (Previously known as BBMP) Ward Office,OK,660597935,fcd1a9ca-059f-4682-b7aa-73302e90ddd7,31-01-2026,,,submitted_via_web,,vJEYTnih43h86inVikMyrj,,uuid:fcd1a9ca-059f-4682-b7aa-73302e90ddd7,33,,,,,,,,,,,,,,,,,,,,,,,,,,,,,,,,,,,,,,,,,,,,,,
31-01-2026,31-01-2026,,,"Yes, I feel safe to conduct audit",A4,,Yes,1,0,0,2-5 inches,Once a year,2-6 months back,GBA (Previously known as BBMP) Ward Office,OK,660597981,3ba97a3e-bdcb-43f0-a863-7e494f08dd1f,31-01-2026,,,submitted_via_web,,vJEYTnih43h86inVikMyrj,,uuid:3ba97a3e-bdcb-43f0-a863-7e494f08dd1f,34,,,,,,,,,,,,,,,,,,,,,,,,,,,,,,,,,,,,,,,,,,,,,,
31-01-2026,31-01-2026,,,"Yes, I feel safe to conduct audit",A4,,Yes,1,0,0,Does not flood,Once a year,2-6 months back,GBA (Previously known as BBMP) Ward Office,OK,660598077,9fa45e96-bb1d-4792-bb64-6f6f88f2ddf8,31-01-2026,,,submitted_via_web,,vJEYTnih43h86inVikMyrj,,uuid:9fa45e96-bb1d-4792-bb64-6f6f88f2ddf8,35,,,,,,,,,,,,,,,,,,,,,,,,,,,,,,,,,,,,,,,,,,,,,,
07-02-2026,07-02-2026,,,"Yes, I feel safe to conduct audit",A9,,Cannot find info.,0,0,1,Cannot find info. ,Cannot find info.,Cannot find info.,Do not know,OK,665837451,d83a6023-e641-465f-9752-dd4f49a6a3fd,07-02-2026,,,submitted_via_web,,vJEYTnih43h86inVikMyrj,,uuid:d83a6023-e641-465f-9752-dd4f49a6a3fd,36,,,,,,,,,,,,,,,,,,,,,,,,,,,,,,,,,,,,,,,,,,,,,,
07-02-2026,07-02-2026,,,"Yes, I feel safe to conduct audit",A10,,Yes,1,0,0,6-10 inches,Do not know,Cannot find info.,GBA (Previously known as BBMP) Ward Office,OK,665842416,0eddd573-92b0-4a51-ad85-59a86665e6a9,07-02-2026,,,submitted_via_web,,vJEYTnih43h86inVikMyrj,,uuid:0eddd573-92b0-4a51-ad85-59a86665e6a9,37,,,,,,,,,,,,,,,,,,,,,,,,,,,,,,,,,,,,,,,,,,,,,,
07-02-2026,07-02-2026,,,"Yes, I feel safe to conduct audit",A9,,No,0,1,0,Does not flood,Cannot find info.,Cannot find info.,GBA (Previously known as BBMP) Ward Office,OK,665846912,5e86419e-e376-42c6-8bb8-ab4b08a81875,07-02-2026,,,submitted_via_web,,vJEYTnih43h86inVikMyrj,,uuid:5e86419e-e376-42c6-8bb8-ab4b08a81875,38,,,,,,,,,,,,,,,,,,,,,,,,,,,,,,,,,,,,,,,,,,,,,,
07-02-2026,07-02-2026,,,"Yes, I feel safe to conduct audit",A8,,No,0,1,0,Does not flood,Do not know,Cannot find info.,Do not know,OK,665847010,e886e8f2-46bf-4fd1-acef-5a0d61919ed0,07-02-2026,,,submitted_via_web,,vJEYTnih43h86inVikMyrj,,uuid:e886e8f2-46bf-4fd1-acef-5a0d61919ed0,39,,,,,,,,,,,,,,,,,,,,,,,,,,,,,,,,,,,,,,,,,,,,,,
07-02-2026,07-02-2026,,,"Yes, I feel safe to conduct audit",A8,,No,0,1,0,Does not flood,Once a year,2-6 months back,GBA (Previously known as BBMP) Ward Office,OK,665847012,e33969e1-4d59-4758-9313-df1955804f35,07-02-2026,,,submitted_via_web,,vJEYTnih43h86inVikMyrj,,uuid:e33969e1-4d59-4758-9313-df1955804f35,40,,,,,,,,,,,,,,,,,,,,,,,,,,,,,,,,,,,,,,,,,,,,,,
07-02-2026,07-02-2026,,,"Yes, I feel safe to conduct audit",A8,,No,0,1,0,Does not flood,Do not know,Cannot find info.,No one,OK,665847017,e6e81cd6-d1aa-45b0-811a-811ecb5e767b,07-02-2026,,,submitted_via_web,,vJEYTnih43h86inVikMyrj,,uuid:e6e81cd6-d1aa-45b0-811a-811ecb5e767b,41,,,,,,,,,,,,,,,,,,,,,,,,,,,,,,,,,,,,,,,,,,,,,,
07-02-2026,07-02-2026,,,"Yes, I feel safe to conduct audit",A9,,Yes,1,0,0,Does not flood,Do not know,More than 6 months,GBA SWD Dept. ,OK,665850156,2245f6d9-df89-45ab-96fb-0178a83c44fd,07-02-2026,,,submitted_via_web,,vJEYTnih43h86inVikMyrj,,uuid:2245f6d9-df89-45ab-96fb-0178a83c44fd,42,,,,,,,,,,,,,,,,,,,,,,,,,,,,,,,,,,,,,,,,,,,,,,
07-02-2026,07-02-2026,,,"Yes, I feel safe to conduct audit",A11,,Cannot find info.,0,0,1,Cannot find info. ,Once a year,More than 6 months,GBA SWD Dept. ,OK,665851300,67360ead-2cd8-406d-a9c5-672454f0fa79,07-02-2026,,,submitted_via_web,,vJEYTnih43h86inVikMyrj,,uuid:67360ead-2cd8-406d-a9c5-672454f0fa79,43,,,,,,,,,,,,,,,,,,,,,,,,,,,,,,,,,,,,,,,,,,,,,,
21-02-2026,21-02-2026,,,"Yes, I feel safe to conduct audit",A19,,No,0,1,0,,Every 6 months,Last month,Do not know,OK,676772617,c75102c6-4dd8-4b6f-8c3f-50c9823ec347,21-02-2026,,,submitted_via_web,,v5gRYdvNEMSpkDy6nZJagS,,uuid:c75102c6-4dd8-4b6f-8c3f-50c9823ec347,44,,,,,,,,,,,,,,,,,,,,,,,,,,,,,,,,,,,,,,,,,,,,,,
21-02-2026,21-02-2026,,,"Yes, I feel safe to conduct audit",A19,,Yes,1,0,0,2-5 inches,Once a year,Last month,Do not know,OK,676772623,0beddbb7-dedd-4368-9378-2d8b2aec6d77,21-02-2026,,,submitted_via_web,,v5gRYdvNEMSpkDy6nZJagS,,uuid:0beddbb7-dedd-4368-9378-2d8b2aec6d77,45,,,,,,,,,,,,,,,,,,,,,,,,,,,,,,,,,,,,,,,,,,,,,,
21-02-2026,21-02-2026,,,"Yes, I feel safe to conduct audit",A19,,No,0,1,0,Does not flood,Every 6 months,Last month,GBA (Previously known as BBMP) Ward Office,OK,676772628,fee308de-b72f-42b7-a1df-a555350c3cef,21-02-2026,,,submitted_via_web,,v5gRYdvNEMSpkDy6nZJagS,,uuid:fee308de-b72f-42b7-a1df-a555350c3cef,46,,,,,,,,,,,,,,,,,,,,,,,,,,,,,,,,,,,,,,,,,,,,,,
21-02-2026,21-02-2026,,,"Yes, I feel safe to conduct audit",A19,,No,0,1,0,Does not flood,Every 6 months,2-6 months back,Do not know,OK,676772849,f06c0df7-8239-4142-a274-ad7e6270b2b0,21-02-2026,,,submitted_via_web,,v5gRYdvNEMSpkDy6nZJagS,,uuid:f06c0df7-8239-4142-a274-ad7e6270b2b0,47,,,,,,,,,,,,,,,,,,,,,,,,,,,,,,,,,,,,,,,,,,,,,,
21-02-2026,21-02-2026,,,"Yes, I feel safe to conduct audit",A19,,Yes,1,0,0,Upto  1 inch,Every 6 months,Last month,GBA (Previously known as BBMP) Ward Office,OK,676772856,98ddf3ea-0be8-4cfd-8593-dc4bd0259368,21-02-2026,,,submitted_via_web,,v5gRYdvNEMSpkDy6nZJagS,,uuid:98ddf3ea-0be8-4cfd-8593-dc4bd0259368,48,,,,,,,,,,,,,,,,,,,,,,,,,,,,,,,,,,,,,,,,,,,,,,
21-02-2026,21-02-2026,,,"Yes, I feel safe to conduct audit",A19,,No,0,1,0,Does not flood,Every 6 months,Last month,GBA (Previously known as BBMP) Ward Office,OK,676772859,decad148-2777-4882-a759-9491476ffb7d,21-02-2026,,,submitted_via_web,,v5gRYdvNEMSpkDy6nZJagS,,uuid:decad148-2777-4882-a759-9491476ffb7d,49,,,,,,,,,,,,,,,,,,,,,,,,,,,,,,,,,,,,,,,,,,,,,,
19-02-2026,19-02-2026,,,"Yes, I feel safe to conduct audit",A12,,Cannot find info.,0,0,1,Cannot find info. ,Cannot find info.,Cannot find info.,Do not know,OK,677177114,4f942474-4a5b-485f-8e8c-334d1e34a6d5,21-02-2026,,,submitted_via_web,,v5gRYdvNEMSpkDy6nZJagS,,uuid:4f942474-4a5b-485f-8e8c-334d1e34a6d5,50,,,,,,,,,,,,,,,,,,,,,,,,,,,,,,,,,,,,,,,,,,,,,,
19-02-2026,19-02-2026,,,"Yes, I feel safe to conduct audit",A12,,No,0,1,0,Does not flood,Cannot find info.,Cannot find info.,Do not know,OK,677177117,aacf9bf7-16ce-4fea-979c-c793d5d39ffa,21-02-2026,,,submitted_via_web,,v5gRYdvNEMSpkDy6nZJagS,,uuid:aacf9bf7-16ce-4fea-979c-c793d5d39ffa,51,,,,,,,,,,,,,,,,,,,,,,,,,,,,,,,,,,,,,,,,,,,,,,
19-02-2026,19-02-2026,,,"Yes, I feel safe to conduct audit",A12,,No,0,1,0,More than 10 inches,Do not know,More than 6 months,No one,OK,677177120,00db487a-8035-4937-9a6c-0ba98026fa54,21-02-2026,,,submitted_via_web,,v5gRYdvNEMSpkDy6nZJagS,,uuid:00db487a-8035-4937-9a6c-0ba98026fa54,52,,,,,,,,,,,,,,,,,,,,,,,,,,,,,,,,,,,,,,,,,,,,,,
19-02-2026,19-02-2026,,,"Yes, I feel safe to conduct audit",A12,,No,0,1,0,More than 10 inches,Cannot find info.,More than 6 months,Do not know,OK,677177124,58c395ec-163a-4f37-93cf-76bec92f156c,21-02-2026,,,submitted_via_web,,v5gRYdvNEMSpkDy6nZJagS,,uuid:58c395ec-163a-4f37-93cf-76bec92f156c,53,,,,,,,,,,,,,,,,,,,,,,,,,,,,,,,,,,,,,,,,,,,,,,
19-02-2026,19-02-2026,,,"Yes, I feel safe to conduct audit",A12,,No,0,1,0,2-5 inches,Do not know,More than 6 months,Private,OK,677177127,428b5da8-dbfa-4cf0-86ab-085fd20d3715,21-02-2026,,,submitted_via_web,,v5gRYdvNEMSpkDy6nZJagS,,uuid:428b5da8-dbfa-4cf0-86ab-085fd20d3715,54,,,,,,,,,,,,,,,,,,,,,,,,,,,,,,,,,,,,,,,,,,,,,,
19-02-2026,19-02-2026,,,"Yes, I feel safe to conduct audit",A12,,No,0,1,0,2-5 inches,Do not know,More than 6 months,No one,OK,677177131,595a0090-016f-48cf-b02d-0e252d395d74,21-02-2026,,,submitted_via_web,,v5gRYdvNEMSpkDy6nZJagS,,uuid:595a0090-016f-48cf-b02d-0e252d395d74,55,,,,,,,,,,,,,,,,,,,,,,,,,,,,,,,,,,,,,,,,,,,,,,
22-02-2026,22-02-2026,,,"Yes, I feel safe to conduct audit",A26,,Yes,1,0,0,Upto  1 inch,Once a year,More than 6 months,GBA (Previously known as BBMP) Ward Office,OK,677261129,7e6e65e9-4cbc-46f2-8dbe-088e3af662d4,22-02-2026,,,submitted_via_web,,v5gRYdvNEMSpkDy6nZJagS,,uuid:7e6e65e9-4cbc-46f2-8dbe-088e3af662d4,56,,,,,,,,,,,,,,,,,,,,,,,,,,,,,,,,,,,,,,,,,,,,,,
22-02-2026,22-02-2026,,,"Yes, I feel safe to conduct audit",A29,,No,0,1,0,Does not flood,Do not know,More than 6 months,GBA (Previously known as BBMP) Ward Office,OK,677262068,b03490b2-2de9-4caf-b0e9-030c06284dae,22-02-2026,,,submitted_via_web,,v5gRYdvNEMSpkDy6nZJagS,,uuid:b03490b2-2de9-4caf-b0e9-030c06284dae,57,,,,,,,,,,,,,,,,,,,,,,,,,,,,,,,,,,,,,,,,,,,,,,
22-02-2026,22-02-2026,,,"Yes, I feel safe to conduct audit",A28,,Cannot find info.,0,0,1,Cannot find info. ,Cannot find info.,Cannot find info.,Do not know,OK,677262291,898fdc55-c089-4a0e-888a-edf88979a2ec,22-02-2026,,,submitted_via_web,,v5gRYdvNEMSpkDy6nZJagS,,uuid:898fdc55-c089-4a0e-888a-edf88979a2ec,58,,,,,,,,,,,,,,,,,,,,,,,,,,,,,,,,,,,,,,,,,,,,,,
22-02-2026,22-02-2026,,,"Yes, I feel safe to conduct audit",A28,,Yes,1,0,0,Cannot find info. ,Do not know,Cannot find info.,Do not know,OK,677262599,8f6e3f66-f4f1-40c9-80c6-89300e8f2278,22-02-2026,,,submitted_via_web,,v5gRYdvNEMSpkDy6nZJagS,,uuid:8f6e3f66-f4f1-40c9-80c6-89300e8f2278,59,,,,,,,,,,,,,,,,,,,,,,,,,,,,,,,,,,,,,,,,,,,,,,
22-02-2026,22-02-2026,,,"Yes, I feel safe to conduct audit",A29,,No,0,1,0,Does not flood,Do not know,More than 6 months,GBA (Previously known as BBMP) Ward Office,OK,677263560,22257ffb-769a-4aa1-ab2e-121d96033cd8,22-02-2026,,,submitted_via_web,,v5gRYdvNEMSpkDy6nZJagS,,uuid:22257ffb-769a-4aa1-ab2e-121d96033cd8,60,,,,,,,,,,,,,,,,,,,,,,,,,,,,,,,,,,,,,,,,,,,,,,
22-02-2026,22-02-2026,,,"Yes, I feel safe to conduct audit",A26,,Yes,1,0,0,2-5 inches,Every 6 months,More than 6 months,GBA (Previously known as BBMP) Ward Office,OK,677263943,51061b46-a297-42a4-84fa-1a0260f431e5,22-02-2026,,,submitted_via_web,,v5gRYdvNEMSpkDy6nZJagS,,uuid:51061b46-a297-42a4-84fa-1a0260f431e5,61,,,,,,,,,,,,,,,,,,,,,,,,,,,,,,,,,,,,,,,,,,,,,,
22-02-2026,22-02-2026,,,"Yes, I feel safe to conduct audit",A29,,Cannot find info.,0,0,1,Does not flood,Cannot find info.,Cannot find info.,Do not know,OK,677264864,e061339a-8b48-434e-ad16-b84cbab286df,22-02-2026,,,submitted_via_web,,v5gRYdvNEMSpkDy6nZJagS,,uuid:e061339a-8b48-434e-ad16-b84cbab286df,62,,,,,,,,,,,,,,,,,,,,,,,,,,,,,,,,,,,,,,,,,,,,,,
22-02-2026,22-02-2026,,,"Yes, I feel safe to conduct audit",A29,,Cannot find info.,0,0,1,Cannot find info. ,Cannot find info.,Cannot find info.,Do not know,OK,677266336,279d2ca1-b72c-4d69-a97c-e1bfd6817c69,22-02-2026,,,submitted_via_web,,v5gRYdvNEMSpkDy6nZJagS,,uuid:279d2ca1-b72c-4d69-a97c-e1bfd6817c69,63,,,,,,,,,,,,,,,,,,,,,,,,,,,,,,,,,,,,,,,,,,,,,,
22-02-2026,22-02-2026,,,"Yes, I feel safe to conduct audit",A29,,Cannot find info.,0,0,1,Cannot find info. ,Cannot find info.,Cannot find info.,Do not know,OK,677267722,98c3e89c-303b-47ed-81c2-872e5a07013c,22-02-2026,,,submitted_via_web,,v5gRYdvNEMSpkDy6nZJagS,,uuid:98c3e89c-303b-47ed-81c2-872e5a07013c,64,,,,,,,,,,,,,,,,,,,,,,,,,,,,,,,,,,,,,,,,,,,,,,
22-02-2026,22-02-2026,,,"Yes, I feel safe to conduct audit",A28,,Yes,1,0,0,6-10 inches,Do not know,More than 6 months,No one,OK,677269380,868afe2c-d72f-4964-ad55-1a6602d29a8c,22-02-2026,,,submitted_via_web,,v5gRYdvNEMSpkDy6nZJagS,,uuid:868afe2c-d72f-4964-ad55-1a6602d29a8c,65,,,,,,,,,,,,,,,,,,,,,,,,,,,,,,,,,,,,,,,,,,,,,,
22-02-2026,22-02-2026,,,"Yes, I feel safe to conduct audit",A29,,Yes,1,0,0,6-10 inches,Do not know,2-6 months back,GBA (Previously known as BBMP) Ward Office,OK,677270566,010cfc78-5eba-4a34-aaa2-a8d3cf77c0af,22-02-2026,,,submitted_via_web,,v5gRYdvNEMSpkDy6nZJagS,,uuid:010cfc78-5eba-4a34-aaa2-a8d3cf77c0af,66,,,,,,,,,,,,,,,,,,,,,,,,,,,,,,,,,,,,,,,,,,,,,,
22-02-2026,22-02-2026,,,"Yes, I feel safe to conduct audit",A29,,Yes,1,0,0,6-10 inches,Do not know,More than 6 months,Do not know,OK,677273448,07a29c80-7176-40cb-9212-3bb7f5bd4a82,22-02-2026,,,submitted_via_web,,v5gRYdvNEMSpkDy6nZJagS,,uuid:07a29c80-7176-40cb-9212-3bb7f5bd4a82,67,,,,,,,,,,,,,,,,,,,,,,,,,,,,,,,,,,,,,,,,,,,,,,
22-02-2026,22-02-2026,,,"Yes, I feel safe to conduct audit",A27,,Yes,1,0,0,2-5 inches,Once a year,More than 6 months,GBA (Previously known as BBMP) Ward Office,OK,677276943,819ef5f7-fc7a-430d-9422-9ae02a2a8195,22-02-2026,,,submitted_via_web,,v5gRYdvNEMSpkDy6nZJagS,,uuid:819ef5f7-fc7a-430d-9422-9ae02a2a8195,68,,,,,,,,,,,,,,,,,,,,,,,,,,,,,,,,,,,,,,,,,,,,,,
22-02-2026,22-02-2026,,,"Yes, I feel safe to conduct audit",A27,,No,0,1,0,Does not flood,Do not know,More than 6 months,GBA (Previously known as BBMP) Ward Office,OK,677277375,d765e254-3f28-442a-a157-bdc37d5aed7d,22-02-2026,,,submitted_via_web,,v5gRYdvNEMSpkDy6nZJagS,,uuid:d765e254-3f28-442a-a157-bdc37d5aed7d,69,,,,,,,,,,,,,,,,,,,,,,,,,,,,,,,,,,,,,,,,,,,,,,
22-02-2026,22-02-2026,,,"Yes, I feel safe to conduct audit",A27,,Yes,1,0,0,6-10 inches,Do not know,More than 6 months,GBA (Previously known as BBMP) Ward Office,OK,677277382,14b6f77b-ff6b-471b-a7d8-d78c70e4293e,22-02-2026,,,submitted_via_web,,v5gRYdvNEMSpkDy6nZJagS,,uuid:14b6f77b-ff6b-471b-a7d8-d78c70e4293e,70,,,,,,,,,,,,,,,,,,,,,,,,,,,,,,,,,,,,,,,,,,,,,,
22-02-2026,22-02-2026,,,"Yes, I feel safe to conduct audit",A27,,No,0,1,0,More than 10 inches,Do not know,More than 6 months,GBA (Previously known as BBMP) Ward Office,OK,677277388,9d4cb25c-9861-4722-869a-63b09ddad754,22-02-2026,,,submitted_via_web,,v5gRYdvNEMSpkDy6nZJagS,,uuid:9d4cb25c-9861-4722-869a-63b09ddad754,71,,,,,,,,,,,,,,,,,,,,,,,,,,,,,,,,,,,,,,,,,,,,,,
22-02-2026,22-02-2026,,,"Yes, I feel safe to conduct audit",A27,,No,0,1,0,Does not flood,Do not know,More than 6 months,Do not know,OK,677277396,e471f7e9-d538-43fe-a500-4268865eb120,22-02-2026,,,submitted_via_web,,v5gRYdvNEMSpkDy6nZJagS,,uuid:e471f7e9-d538-43fe-a500-4268865eb120,72,,,,,,,,,,,,,,,,,,,,,,,,,,,,,,,,,,,,,,,,,,,,,,
22-02-2026,22-02-2026,,,"Yes, I feel safe to conduct audit",A27,,Yes,1,0,0,Upto  1 inch,Do not know,2-6 months back,GBA (Previously known as BBMP) Ward Office,OK,677277401,01fcc509-1220-4a3a-9104-f7d8454b2dfa,22-02-2026,,,submitted_via_web,,v5gRYdvNEMSpkDy6nZJagS,,uuid:01fcc509-1220-4a3a-9104-f7d8454b2dfa,73,,,,,,,,,,,,,,,,,,,,,,,,,,,,,,,,,,,,,,,,,,,,,,
22-02-2026,22-02-2026,,,"Yes, I feel safe to conduct audit",A27,,Yes,1,0,0,2-5 inches,Once a year,Cannot find info.,No one,OK,677277402,90673603-f3f3-497e-ae8c-02ffac0e4e2c,22-02-2026,,,submitted_via_web,,v5gRYdvNEMSpkDy6nZJagS,,uuid:90673603-f3f3-497e-ae8c-02ffac0e4e2c,74,,,,,,,,,,,,,,,,,,,,,,,,,,,,,,,,,,,,,,,,,,,,,,
22-02-2026,22-02-2026,,,"Yes, I feel safe to conduct audit",A27,,Cannot find info.,0,0,1,Cannot find info. ,Cannot find info.,Cannot find info.,Do not know,OK,677277406,a20ae620-9714-411c-9db6-d1ca235e52ac,22-02-2026,,,submitted_via_web,,v5gRYdvNEMSpkDy6nZJagS,,uuid:a20ae620-9714-411c-9db6-d1ca235e52ac,75,,,,,,,,,,,,,,,,,,,,,,,,,,,,,,,,,,,,,,,,,,,,,,
22-02-2026,22-02-2026,,,"Yes, I feel safe to conduct audit",A27,,No,0,1,0,Does not flood,Do not know,More than 6 months,No one,OK,677277410,15b415a4-0170-4335-9e9b-49fd9e928641,22-02-2026,,,submitted_via_web,,v5gRYdvNEMSpkDy6nZJagS,,uuid:15b415a4-0170-4335-9e9b-49fd9e928641,76,,,,,,,,,,,,,,,,,,,,,,,,,,,,,,,,,,,,,,,,,,,,,,
22-02-2026,22-02-2026,,,"Yes, I feel safe to conduct audit",A26,,No,0,1,0,Does not flood,Once a year,More than 6 months,GBA (Previously known as BBMP) Ward Office,OK,677279263,22f8e1bb-0559-4677-9a07-320d1177aa65,22-02-2026,,,submitted_via_web,,v5gRYdvNEMSpkDy6nZJagS,,uuid:22f8e1bb-0559-4677-9a07-320d1177aa65,77,,,,,,,,,,,,,,,,,,,,,,,,,,,,,,,,,,,,,,,,,,,,,,
22-02-2026,22-02-2026,,,"Yes, I feel safe to conduct audit",A26,,Yes,1,0,0,2-5 inches,Once a year,More than 6 months,GBA (Previously known as BBMP) Ward Office,,677279264,a685908c-da91-4510-b80a-e2d7db46ca3e,22-02-2026,,,submitted_via_web,,v5gRYdvNEMSpkDy6nZJagS,,uuid:a685908c-da91-4510-b80a-e2d7db46ca3e,78,,,,,,,,,,,,,,,,,,,,,,,,,,,,,,,,,,,,,,,,,,,,,,
22-02-2026,22-02-2026,,,"Yes, I feel safe to conduct audit",A26,,No,0,1,0,Does not flood,Once a year,More than 6 months,GBA (Previously known as BBMP) Ward Office,OK,677279265,af41a3e3-0111-4557-98d9-dd2455d0811b,22-02-2026,,,submitted_via_web,,v5gRYdvNEMSpkDy6nZJagS,,uuid:af41a3e3-0111-4557-98d9-dd2455d0811b,79,,,,,,,,,,,,,,,,,,,,,,,,,,,,,,,,,,,,,,,,,,,,,,
22-02-2026,22-02-2026,,,"Yes, I feel safe to conduct audit",A26,,No,0,1,0,Upto  1 inch,Once a year,More than 6 months,GBA (Previously known as BBMP) Ward Office,OK,677279268,4b97ce09-a716-4bc7-89f6-26014201f27b,22-02-2026,,,submitted_via_web,,v5gRYdvNEMSpkDy6nZJagS,,uuid:4b97ce09-a716-4bc7-89f6-26014201f27b,80,,,,,,,,,,,,,,,,,,,,,,,,,,,,,,,,,,,,,,,,,,,,,,
22-02-2026,22-02-2026,,,"Yes, I feel safe to conduct audit",A26,,No,0,1,0,Upto  1 inch,Once a year,More than 6 months,GBA (Previously known as BBMP) Ward Office,OK,677279270,231bedaf-464e-4a4b-869f-e44ac8933ede,22-02-2026,,,submitted_via_web,,v5gRYdvNEMSpkDy6nZJagS,,uuid:231bedaf-464e-4a4b-869f-e44ac8933ede,81,,,,,,,,,,,,,,,,,,,,,,,,,,,,,,,,,,,,,,,,,,,,,,
22-02-2026,22-02-2026,,,"Yes, I feel safe to conduct audit",A22,,No,0,1,0,Does not flood,Once a year,2-6 months back,Do not know,OK,677290428,65e60678-df42-4645-9ae7-155c9ef223a4,22-02-2026,,,submitted_via_web,,v5gRYdvNEMSpkDy6nZJagS,,uuid:65e60678-df42-4645-9ae7-155c9ef223a4,82,,,,,,,,,,,,,,,,,,,,,,,,,,,,,,,,,,,,,,,,,,,,,,
22-02-2026,22-02-2026,,,"Yes, I feel safe to conduct audit",A22,,No,0,1,0,Does not flood,Once a year,2-6 months back,GBA (Previously known as BBMP) Ward Office,OK,677290434,7baf41ef-1f85-4fb4-9cec-2dace8f199f0,22-02-2026,,,submitted_via_web,,v5gRYdvNEMSpkDy6nZJagS,,uuid:7baf41ef-1f85-4fb4-9cec-2dace8f199f0,83,,,,,,,,,,,,,,,,,,,,,,,,,,,,,,,,,,,,,,,,,,,,,,
22-02-2026,22-02-2026,,,"Yes, I feel safe to conduct audit",A22,,No,0,1,0,Does not flood,Every 6 months,More than 6 months,Do not know,OK,677290436,2e4d41e6-0261-4d7b-90b6-86e04d383fa4,22-02-2026,,,submitted_via_web,,v5gRYdvNEMSpkDy6nZJagS,,uuid:2e4d41e6-0261-4d7b-90b6-86e04d383fa4,84,,,,,,,,,,,,,,,,,,,,,,,,,,,,,,,,,,,,,,,,,,,,,,
22-02-2026,22-02-2026,,,"Yes, I feel safe to conduct audit",A24,,No,0,1,0,Does not flood,Do not know,Cannot find info.,GBA (Previously known as BBMP) Ward Office,OK,677290442,645bcb09-578d-450b-8883-40eb213d9da2,22-02-2026,,,submitted_via_web,,v5gRYdvNEMSpkDy6nZJagS,,uuid:645bcb09-578d-450b-8883-40eb213d9da2,85,,,,,,,,,,,,,,,,,,,,,,,,,,,,,,,,,,,,,,,,,,,,,,
22-02-2026,22-02-2026,,,"Yes, I feel safe to conduct audit",A22,,No,0,1,0,Does not flood,Every 6 months,2-6 months back,Do not know,OK,677290443,236d4efd-b909-410a-aedf-43a9467db4e7,22-02-2026,,,submitted_via_web,,v5gRYdvNEMSpkDy6nZJagS,,uuid:236d4efd-b909-410a-aedf-43a9467db4e7,86,,,,,,,,,,,,,,,,,,,,,,,,,,,,,,,,,,,,,,,,,,,,,,
22-02-2026,22-02-2026,,,"Yes, I feel safe to conduct audit",A22,,Cannot find info.,0,0,1,Cannot find info. ,Cannot find info.,Cannot find info.,Do not know,OK,677290450,fb10d3e0-b048-4e0e-90bf-59fa38a56913,22-02-2026,,,submitted_via_web,,v5gRYdvNEMSpkDy6nZJagS,,uuid:fb10d3e0-b048-4e0e-90bf-59fa38a56913,87,,,,,,,,,,,,,,,,,,,,,,,,,,,,,,,,,,,,,,,,,,,,,,
22-02-2026,22-02-2026,,,"Yes, I feel safe to conduct audit",A23,,No,0,1,0,Does not flood,Cannot find info.,Cannot find info.,GBA (Previously known as BBMP) Ward Office,OK,677290452,26f1fe90-d56d-4a22-805e-4e7db9b25ecd,22-02-2026,,,submitted_via_web,,v5gRYdvNEMSpkDy6nZJagS,,uuid:26f1fe90-d56d-4a22-805e-4e7db9b25ecd,88,,,,,,,,,,,,,,,,,,,,,,,,,,,,,,,,,,,,,,,,,,,,,,
22-02-2026,22-02-2026,,,"Yes, I feel safe to conduct audit",A22,,No,0,1,0,Does not flood,Every 6 months,2-6 months back,Do not know,OK,677290456,6a7e637c-247f-484a-8080-480fdcd84e0f,22-02-2026,,,submitted_via_web,,v5gRYdvNEMSpkDy6nZJagS,,uuid:6a7e637c-247f-484a-8080-480fdcd84e0f,89,,,,,,,,,,,,,,,,,,,,,,,,,,,,,,,,,,,,,,,,,,,,,,
22-02-2026,22-02-2026,,,"Yes, I feel safe to conduct audit",A23,,No,0,1,0,Does not flood,Do not know,Cannot find info.,GBA (Previously known as BBMP) Ward Office,OK,677290457,20092021-b9f9-49a7-8447-a871330b7db5,22-02-2026,,,submitted_via_web,,v5gRYdvNEMSpkDy6nZJagS,,uuid:20092021-b9f9-49a7-8447-a871330b7db5,90,,,,,,,,,,,,,,,,,,,,,,,,,,,,,,,,,,,,,,,,,,,,,,
22-02-2026,22-02-2026,,,"Yes, I feel safe to conduct audit",A23,,No,0,1,0,Does not flood,,Cannot find info.,GBA (Previously known as BBMP) Ward Office,OK,677290463,e6bc6510-fbb7-4ec0-a88b-eb9e9f17c8e6,22-02-2026,,,submitted_via_web,,v5gRYdvNEMSpkDy6nZJagS,,uuid:e6bc6510-fbb7-4ec0-a88b-eb9e9f17c8e6,91,,,,,,,,,,,,,,,,,,,,,,,,,,,,,,,,,,,,,,,,,,,,,,
22-02-2026,22-02-2026,,,"Yes, I feel safe to conduct audit",A22,,Yes,1,0,0,2-5 inches,Every 6 months,More than 6 months,Do not know,OK,677290465,1f0a7b5e-1c92-4540-a290-6d15b38b9de2,22-02-2026,,,submitted_via_web,,v5gRYdvNEMSpkDy6nZJagS,,uuid:1f0a7b5e-1c92-4540-a290-6d15b38b9de2,92,,,,,,,,,,,,,,,,,,,,,,,,,,,,,,,,,,,,,,,,,,,,,,
22-02-2026,22-02-2026,,,"Yes, I feel safe to conduct audit",A23,,No,0,1,0,2-5 inches,Do not know,Cannot find info.,GBA (Previously known as BBMP) Ward Office,OK,677290468,2537d072-8dd1-4dca-9512-80a3d368eb43,22-02-2026,,,submitted_via_web,,v5gRYdvNEMSpkDy6nZJagS,,uuid:2537d072-8dd1-4dca-9512-80a3d368eb43,93,,,,,,,,,,,,,,,,,,,,,,,,,,,,,,,,,,,,,,,,,,,,,,
22-02-2026,22-02-2026,,,"Yes, I feel safe to conduct audit",A24,,No,0,1,0,Does not flood,Do not know,Last month,Do not know,OK,677290505,bffe545a-610e-48f2-8f3f-6a9476e95a83,22-02-2026,,,submitted_via_web,,v5gRYdvNEMSpkDy6nZJagS,,uuid:bffe545a-610e-48f2-8f3f-6a9476e95a83,94,,,,,,,,,,,,,,,,,,,,,,,,,,,,,,,,,,,,,,,,,,,,,,
22-02-2026,22-02-2026,,,"Yes, I feel safe to conduct audit",A24,,No,0,1,0,Does not flood,Every 6 months,Cannot find info.,Do not know,OK,677290511,e64e9e47-0307-4319-ba8b-c76e147f44d5,22-02-2026,,,submitted_via_web,,v5gRYdvNEMSpkDy6nZJagS,,uuid:e64e9e47-0307-4319-ba8b-c76e147f44d5,95,,,,,,,,,,,,,,,,,,,,,,,,,,,,,,,,,,,,,,,,,,,,,,
22-02-2026,22-02-2026,,,"Yes, I feel safe to conduct audit",A24,,No,0,1,0,Does not flood,Once a year,Cannot find info.,Do not know,OK,677290517,35c04d6a-755a-4d23-b784-b783dda32b54,22-02-2026,,,submitted_via_web,,v5gRYdvNEMSpkDy6nZJagS,,uuid:35c04d6a-755a-4d23-b784-b783dda32b54,96,,,,,,,,,,,,,,,,,,,,,,,,,,,,,,,,,,,,,,,,,,,,,,
22-02-2026,22-02-2026,,,"Yes, I feel safe to conduct audit",A24,,Yes,1,0,0,More than 10 inches,Once a year,More than 6 months,Do not know,OK,677290524,bf2867ed-d0fe-4e37-b739-7b2400e6b42b,22-02-2026,,,submitted_via_web,,v5gRYdvNEMSpkDy6nZJagS,,uuid:bf2867ed-d0fe-4e37-b739-7b2400e6b42b,97,,,,,,,,,,,,,,,,,,,,,,,,,,,,,,,,,,,,,,,,,,,,,,
22-02-2026,22-02-2026,,,"Yes, I feel safe to conduct audit",A24,,No,0,1,0,Does not flood,Cannot find info.,Cannot find info.,Private,OK,677290527,1ff06141-39a6-4bc7-a11e-b13089742d72,22-02-2026,,,submitted_via_web,,v5gRYdvNEMSpkDy6nZJagS,,uuid:1ff06141-39a6-4bc7-a11e-b13089742d72,98,,,,,,,,,,,,,,,,,,,,,,,,,,,,,,,,,,,,,,,,,,,,,,
22-02-2026,22-02-2026,,,"Yes, I feel safe to conduct audit",A24,,No,0,1,0,Does not flood,Cannot find info.,Cannot find info.,No one,OK,677290531,bf124b60-732f-43f1-a87b-2537f142988a,22-02-2026,,,submitted_via_web,,v5gRYdvNEMSpkDy6nZJagS,,uuid:bf124b60-732f-43f1-a87b-2537f142988a,99,,,,,,,,,,,,,,,,,,,,,,,,,,,,,,,,,,,,,,,,,,,,,,
22-02-2026,22-02-2026,,,"Yes, I feel safe to conduct audit",A24,,No,0,1,0,Does not flood,Do not know,Cannot find info.,No one,OK,677290533,baa53edf-9e29-41c1-8953-97a5c763284a,22-02-2026,,,submitted_via_web,,v5gRYdvNEMSpkDy6nZJagS,,uuid:baa53edf-9e29-41c1-8953-97a5c763284a,100,,,,,,,,,,,,,,,,,,,,,,,,,,,,,,,,,,,,,,,,,,,,,,
22-02-2026,22-02-2026,,,"Yes, I feel safe to conduct audit",A25,,No,0,1,0,Does not flood,Cannot find info.,Cannot find info.,No one,OK,677290534,5e9ba2e0-d3cf-47c9-9d20-e418ed6fc61a,22-02-2026,,,submitted_via_web,,v5gRYdvNEMSpkDy6nZJagS,,uuid:5e9ba2e0-d3cf-47c9-9d20-e418ed6fc61a,101,,,,,,,,,,,,,,,,,,,,,,,,,,,,,,,,,,,,,,,,,,,,,,
22-02-2026,22-02-2026,,,"Yes, I feel safe to conduct audit",A23,,No,0,1,0,Does not flood,Once a year,More than 6 months,Do not know,OK,677290576,36385aef-6600-4c6d-9a0e-de468a06a170,22-02-2026,,,submitted_via_web,,v5gRYdvNEMSpkDy6nZJagS,,uuid:36385aef-6600-4c6d-9a0e-de468a06a170,102,,,,,,,,,,,,,,,,,,,,,,,,,,,,,,,,,,,,,,,,,,,,,,
22-02-2026,22-02-2026,,,"Yes, I feel safe to conduct audit",A23,,No,0,1,0,Does not flood,Do not know,Cannot find info.,Do not know,OK,677290580,1bf7c450-dcbd-40d5-866a-9657574eebb9,22-02-2026,,,submitted_via_web,,v5gRYdvNEMSpkDy6nZJagS,,uuid:1bf7c450-dcbd-40d5-866a-9657574eebb9,103,,,,,,,,,,,,,,,,,,,,,,,,,,,,,,,,,,,,,,,,,,,,,,
22-02-2026,22-02-2026,,,"Yes, I feel safe to conduct audit",A23,,No,0,1,0,Does not flood,Once a year,Cannot find info.,GBA (Previously known as BBMP) Ward Office,OK,677290585,10519ea9-7090-4966-bc91-5607a0a1e02a,22-02-2026,,,submitted_via_web,,v5gRYdvNEMSpkDy6nZJagS,,uuid:10519ea9-7090-4966-bc91-5607a0a1e02a,104,,,,,,,,,,,,,,,,,,,,,,,,,,,,,,,,,,,,,,,,,,,,,,
22-02-2026,22-02-2026,,,"Yes, I feel safe to conduct audit",A25,,Cannot find info.,0,0,1,Cannot find info. ,Cannot find info.,Cannot find info.,Do not know,OK,677290595,54b01ef1-09f4-4c2e-b3cf-ce211a7b174c,22-02-2026,,,submitted_via_web,,v5gRYdvNEMSpkDy6nZJagS,,uuid:54b01ef1-09f4-4c2e-b3cf-ce211a7b174c,105,,,,,,,,,,,,,,,,,,,,,,,,,,,,,,,,,,,,,,,,,,,,,,
22-02-2026,22-02-2026,,,"Yes, I feel safe to conduct audit",A25,,No,0,1,0,Does not flood,Every 6 months,More than 6 months,Do not know,OK,677290602,e6c3b87a-3f08-427d-8a1a-9ffe32598f85,22-02-2026,,,submitted_via_web,,v5gRYdvNEMSpkDy6nZJagS,,uuid:e6c3b87a-3f08-427d-8a1a-9ffe32598f85,106,,,,,,,,,,,,,,,,,,,,,,,,,,,,,,,,,,,,,,,,,,,,,,
22-02-2026,22-02-2026,,,"Yes, I feel safe to conduct audit",A25,,No,0,1,0,Does not flood,Every 6 months,2-6 months back,GBA (Previously known as BBMP) Ward Office,OK,677290607,b0de5c70-038b-4141-9851-34cb4b569ba5,22-02-2026,,,submitted_via_web,,v5gRYdvNEMSpkDy6nZJagS,,uuid:b0de5c70-038b-4141-9851-34cb4b569ba5,107,,,,,,,,,,,,,,,,,,,,,,,,,,,,,,,,,,,,,,,,,,,,,,
22-02-2026,22-02-2026,,,"Yes, I feel safe to conduct audit",A25,,No,0,1,0,Does not flood,Every 6 months,2-6 months back,GBA (Previously known as BBMP) Ward Office,OK,677290614,bb395b70-4688-41ee-bb63-ded1bd136827,22-02-2026,,,submitted_via_web,,v5gRYdvNEMSpkDy6nZJagS,,uuid:bb395b70-4688-41ee-bb63-ded1bd136827,108,,,,,,,,,,,,,,,,,,,,,,,,,,,,,,,,,,,,,,,,,,,,,,
22-02-2026,22-02-2026,,,"Yes, I feel safe to conduct audit",A25,,No,0,1,0,Does not flood,Every 6 months,2-6 months back,GBA (Previously known as BBMP) Ward Office,OK,677290622,05445034-ad08-4bc8-ac60-20c43d17feff,22-02-2026,,,submitted_via_web,,v5gRYdvNEMSpkDy6nZJagS,,uuid:05445034-ad08-4bc8-ac60-20c43d17feff,109,,,,,,,,,,,,,,,,,,,,,,,,,,,,,,,,,,,,,,,,,,,,,,
22-02-2026,22-02-2026,,,"Yes, I feel safe to conduct audit",A25,,Yes,1,0,0,6-10 inches,Every 6 months,2-6 months back,GBA (Previously known as BBMP) Ward Office,OK,677290702,fd3586d2-6698-422f-87f8-5497196546b2,22-02-2026,,,submitted_via_web,,v5gRYdvNEMSpkDy6nZJagS,,uuid:fd3586d2-6698-422f-87f8-5497196546b2,110,,,,,,,,,,,,,,,,,,,,,,,,,,,,,,,,,,,,,,,,,,,,,,
22-02-2026,22-02-2026,,,"Yes, I feel safe to conduct audit",A28,,Cannot find info.,0,0,1,Cannot find info. ,Cannot find info.,2-6 months back,Do not know,OK,677300419,534c8b79-9183-4d6a-9a50-639d54617e2a,22-02-2026,,,submitted_via_web,,v5gRYdvNEMSpkDy6nZJagS,,uuid:534c8b79-9183-4d6a-9a50-639d54617e2a,111,,,,,,,,,,,,,,,,,,,,,,,,,,,,,,,,,,,,,,,,,,,,,,
22-02-2026,22-02-2026,,,"Yes, I feel safe to conduct audit",A27,,Yes,1,0,0,2-5 inches,Cannot find info.,Cannot find info.,No one,OK,677564603,be6337e9-d441-40d8-9963-1a2b765d93d3,22-02-2026,,,submitted_via_web,,v5gRYdvNEMSpkDy6nZJagS,,uuid:be6337e9-d441-40d8-9963-1a2b765d93d3,112,,,,,,,,,,,,,,,,,,,,,,,,,,,,,,,,,,,,,,,,,,,,,,
22-02-2026,22-02-2026,,,"Yes, I feel safe to conduct audit",A27,,Yes,1,0,0,More than 10 inches,Do not know,Cannot find info.,No one,OK,677564946,b189b8e0-b2c1-44b4-822a-816e3625ba5e,22-02-2026,,,submitted_via_web,,v5gRYdvNEMSpkDy6nZJagS,,uuid:b189b8e0-b2c1-44b4-822a-816e3625ba5e,113,,,,,,,,,,,,,,,,,,,,,,,,,,,,,,,,,,,,,,,,,,,,,,
19-02-2026,19-02-2026,,,"Yes, I feel safe to conduct audit",A12,,Cannot find info.,0,0,1,Cannot find info. ,Do not know,Cannot find info.,Do not know,OK,677746907,544692aa-70c5-47a5-b644-7fac1fff3f01,23-02-2026,,,submitted_via_web,,v5gRYdvNEMSpkDy6nZJagS,,uuid:544692aa-70c5-47a5-b644-7fac1fff3f01,114,,,,,,,,,,,,,,,,,,,,,,,,,,,,,,,,,,,,,,,,,,,,,,
23-02-2026,23-02-2026,,,"Yes, I feel safe to conduct audit",A15,,No,0,1,0,6-10 inches,Cannot find info.,More than 6 months,GBA (Previously known as BBMP) Ward Office,OK,677760781,ea9ae0ab-042b-4b0e-9913-3e150002936f,23-02-2026,,,submitted_via_web,,vJEYTnih43h86inVikMyrj,,uuid:ea9ae0ab-042b-4b0e-9913-3e150002936f,115,,,,,,,,,,,,,,,,,,,,,,,,,,,,,,,,,,,,,,,,,,,,,,
23-02-2026,23-02-2026,,,"Yes, I feel safe to conduct audit",A15,,No,0,1,0,2-5 inches,Once a year,More than 6 months,Private,OK,677760785,21761610-08cf-4014-ae87-a659d8353db2,23-02-2026,,,submitted_via_web,,vJEYTnih43h86inVikMyrj,,uuid:21761610-08cf-4014-ae87-a659d8353db2,116,,,,,,,,,,,,,,,,,,,,,,,,,,,,,,,,,,,,,,,,,,,,,,
23-02-2026,23-02-2026,,,"Yes, I feel safe to conduct audit",A15,,No,0,1,0,2-5 inches,Every 6 months,More than 6 months,Do not know,OK,677760788,35b2cc43-fbb3-483a-85d6-554360633e53,23-02-2026,,,submitted_via_web,,vJEYTnih43h86inVikMyrj,,uuid:35b2cc43-fbb3-483a-85d6-554360633e53,117,,,,,,,,,,,,,,,,,,,,,,,,,,,,,,,,,,,,,,,,,,,,,,
23-02-2026,23-02-2026,,,"Yes, I feel safe to conduct audit",A15,,No,0,1,0,Upto  1 inch,Once a year,More than 6 months,GBA (Previously known as BBMP) Ward Office,OK,677760792,da6be8e6-36b6-47dc-aa03-af7abfb426f9,23-02-2026,,,submitted_via_web,,vJEYTnih43h86inVikMyrj,,uuid:da6be8e6-36b6-47dc-aa03-af7abfb426f9,118,,,,,,,,,,,,,,,,,,,,,,,,,,,,,,,,,,,,,,,,,,,,,,
23-02-2026,23-02-2026,,,"Yes, I feel safe to conduct audit",A15,,No,0,1,0,2-5 inches,Once a year,More than 6 months,GBA (Previously known as BBMP) Ward Office,OK,677760795,c80a9cc9-ef6b-45f1-be5c-69f6526aa33b,23-02-2026,,,submitted_via_web,,vJEYTnih43h86inVikMyrj,,uuid:c80a9cc9-ef6b-45f1-be5c-69f6526aa33b,119,,,,,,,,,,,,,,,,,,,,,,,,,,,,,,,,,,,,,,,,,,,,,,
21-02-2026,23-02-2026,,,"Yes, I feel safe to conduct audit",A20,,No,0,1,0,Does not flood,Every 6 months,2-6 months back,GBA (Previously known as BBMP) Ward Office,OK,677977535,9fbeab25-be98-45e0-8ad1-85f1d8017346,23-02-2026,,,submitted_via_web,,v5gRYdvNEMSpkDy6nZJagS,,uuid:9fbeab25-be98-45e0-8ad1-85f1d8017346,120,,,,,,,,,,,,,,,,,,,,,,,,,,,,,,,,,,,,,,,,,,,,,,
21-02-2026,21-02-2026,,,,A14,,Cannot find info. Yes,1,0,1,2-5 inches,Do not know,Cannot find info.,Do not know,OK,678044849,cd638a86-d092-4120-b346-5cea1ebe160d,23-02-2026,,,submitted_via_web,,vJEYTnih43h86inVikMyrj,,uuid:cd638a86-d092-4120-b346-5cea1ebe160d,121,,,,,,,,,,,,,,,,,,,,,,,,,,,,,,,,,,,,,,,,,,,,,,
21-02-2026,21-02-2026,,,"Yes, I feel safe to conduct audit",A14,,Yes,1,0,0,Cannot find info. ,Do not know,More than 6 months,Do not know,OK,678045206,411993f8-c14b-4f47-b455-c98e56125090,23-02-2026,,,submitted_via_web,,vJEYTnih43h86inVikMyrj,,uuid:411993f8-c14b-4f47-b455-c98e56125090,122,,,,,,,,,,,,,,,,,,,,,,,,,,,,,,,,,,,,,,,,,,,,,,
01-03-2026,01-03-2026,,,"Yes, I feel safe to conduct audit",A30,,Yes,1,0,0,More than 10 inches,Once a year,More than 6 months,Do not know,OK,682991174,71547278-8326-4974-8465-d8f6f5d679e8,01-03-2026,,,submitted_via_web,,v5gRYdvNEMSpkDy6nZJagS,,uuid:71547278-8326-4974-8465-d8f6f5d679e8,123,,,,,,,,,,,,,,,,,,,,,,,,,,,,,,,,,,,,,,,,,,,,,,
01-03-2026,01-03-2026,,,"Yes, I feel safe to conduct audit",A30,,Yes,1,0,0,More than 10 inches,Do not know,More than 6 months,Do not know,OK,682994895,92a01cd5-970e-4213-9848-88c6f2574f19,01-03-2026,,,submitted_via_web,,v5gRYdvNEMSpkDy6nZJagS,,uuid:92a01cd5-970e-4213-9848-88c6f2574f19,124,,,,,,,,,,,,,,,,,,,,,,,,,,,,,,,,,,,,,,,,,,,,,,
01-03-2026,01-03-2026,,,"Yes, I feel safe to conduct audit",A30,,Yes,1,0,0,More than 10 inches,Do not know,More than 6 months,Do not know,OK,682997252,ad4029e0-6881-4a6c-b69c-3ae425af6ab8,01-03-2026,,,submitted_via_web,,v5gRYdvNEMSpkDy6nZJagS,,uuid:ad4029e0-6881-4a6c-b69c-3ae425af6ab8,125,,,,,,,,,,,,,,,,,,,,,,,,,,,,,,,,,,,,,,,,,,,,,,
01-03-2026,01-03-2026,,,"Yes, I feel safe to conduct audit",A30,,Yes,1,0,0,More than 10 inches,Do not know,More than 6 months,Do not know,OK,682999569,25352fa9-7ef2-4402-ad07-941d2ac55dd4,01-03-2026,,,submitted_via_web,,v5gRYdvNEMSpkDy6nZJagS,,uuid:25352fa9-7ef2-4402-ad07-941d2ac55dd4,126,,,,,,,,,,,,,,,,,,,,,,,,,,,,,,,,,,,,,,,,,,,,,,
01-03-2026,01-03-2026,,,"Yes, I feel safe to conduct audit",A30,,Yes,1,0,0,More than 10 inches,Do not know,More than 6 months,GBA SWD Dept. ,OK,683004556,6d67a90d-4e3f-4324-9b66-046684c691a1,01-03-2026,,,submitted_via_web,,v5gRYdvNEMSpkDy6nZJagS,,uuid:6d67a90d-4e3f-4324-9b66-046684c691a1,127,,,,,,,,,,,,,,,,,,,,,,,,,,,,,,,,,,,,,,,,,,,,,,
01-03-2026,01-03-2026,,,"Yes, I feel safe to conduct audit",A30,,No,0,1,0,6-10 inches,Once a year,More than 6 months,GBA SWD Dept. ,OK,683005922,daa7c23e-af5c-4042-a2ff-42c87f153f0d,01-03-2026,,,submitted_via_web,,v5gRYdvNEMSpkDy6nZJagS,,uuid:daa7c23e-af5c-4042-a2ff-42c87f153f0d,128,,,,,,,,,,,,,,,,,,,,,,,,,,,,,,,,,,,,,,,,,,,,,,
01-03-2026,01-03-2026,,,"Yes, I feel safe to conduct audit",A30,,Yes,1,0,0,More than 10 inches,Do not know,More than 6 months,GBA SWD Dept. ,OK,683008802,f15d29dc-0648-4d24-b983-f78f22967bfb,01-03-2026,,,submitted_via_web,,v5gRYdvNEMSpkDy6nZJagS,,uuid:f15d29dc-0648-4d24-b983-f78f22967bfb,129,,,,,,,,,,,,,,,,,,,,,,,,,,,,,,,,,,,,,,,,,,,,,,
01-03-2026,01-03-2026,,,"Yes, I feel safe to conduct audit",A30,,Yes,1,0,0,More than 10 inches,Once a year,More than 6 months,GBA SWD Dept. ,OK,683010241,26958f85-a493-4323-963f-c8e3d6c7bc3d,01-03-2026,,,submitted_via_web,,v5gRYdvNEMSpkDy6nZJagS,,uuid:26958f85-a493-4323-963f-c8e3d6c7bc3d,130,,,,,,,,,,,,,,,,,,,,,,,,,,,,,,,,,,,,,,,,,,,,,,
01-03-2026,01-03-2026,,,"Yes, I feel safe to conduct audit",A30,,Yes,1,0,0,More than 10 inches,Once a year,More than 6 months,GBA SWD Dept. ,OK,683012194,561d0602-4d49-45a6-9c86-673e356aaedc,01-03-2026,,,submitted_via_web,,v5gRYdvNEMSpkDy6nZJagS,,uuid:561d0602-4d49-45a6-9c86-673e356aaedc,131,,,,,,,,,,,,,,,,,,,,,,,,,,,,,,,,,,,,,,,,,,,,,,
10-03-2026,10-03-2026,,,"Yes, I feel safe to conduct audit",A32,,No,0,1,0,Does not flood,Do not know,Cannot find info.,No one,OK,692055370,5832c4d3-8104-489e-9c53-5929db1a2e54,10-03-2026,,,submitted_via_web,,v5gRYdvNEMSpkDy6nZJagS,,uuid:5832c4d3-8104-489e-9c53-5929db1a2e54,132,,,,,,,,,,,,,,,,,,,,,,,,,,,,,,,,,,,,,,,,,,,,,,
10-03-2026,10-03-2026,,,"Yes, I feel safe to conduct audit",A32,,Yes,1,0,0,6-10 inches,Cannot find info.,Cannot find info.,Do not know,OK,692059755,297004f5-f7a5-462e-9d85-2218af31b907,10-03-2026,,,submitted_via_web,,v5gRYdvNEMSpkDy6nZJagS,,uuid:297004f5-f7a5-462e-9d85-2218af31b907,133,,,,,,,,,,,,,,,,,,,,,,,,,,,,,,,,,,,,,,,,,,,,,,
11-03-2026,11-03-2026,,,"Yes, I feel safe to conduct audit",A32,,Cannot find info.,0,0,1,Cannot find info. ,Do not know,Cannot find info.,Do not know,OK,693400428,dbc74f10-b12d-46e9-8463-2d62ba48a92a,11-03-2026,,,submitted_via_web,,v5gRYdvNEMSpkDy6nZJagS,,uuid:dbc74f10-b12d-46e9-8463-2d62ba48a92a,134,,,,,,,,,,,,,,,,,,,,,,,,,,,,,,,,,,,,,,,,,,,,,,
11-03-2026,11-03-2026,,,"Yes, I feel safe to conduct audit",A32,,No,0,1,0,Does not flood,Do not know,Cannot find info.,Do not know,OK,693402161,dafdd0c0-cf6c-4231-baad-2d5a8296dacf,11-03-2026,,,submitted_via_web,,v5gRYdvNEMSpkDy6nZJagS,,uuid:dafdd0c0-cf6c-4231-baad-2d5a8296dacf,135,,,,,,,,,,,,,,,,,,,,,,,,,,,,,,,,,,,,,,,,,,,,,,
21-03-2026,21-03-2026,,,"Yes, I feel safe to conduct audit",A35,,No,0,1,0,Does not flood,Once a year,More than 6 months,Do not know,OK,702732579,95ac2698-ef62-479b-a48c-f79604b9c53f,21-03-2026,,,submitted_via_web,,vYpLhLP9QFCbxRTo2Cm3SK,,uuid:95ac2698-ef62-479b-a48c-f79604b9c53f,136,,,,,,,,,,,,,,,,,,,,,,,,,,,,,,,,,,,,,,,,,,,,,,
21-03-2026,21-03-2026,,,"Yes, I feel safe to conduct audit",A35,,No,0,1,0,Does not flood,Do not know,More than 6 months,Do not know,OK,702732721,12c7f9da-1644-4140-b5b6-5158bc5897ea,21-03-2026,,,submitted_via_web,,vYpLhLP9QFCbxRTo2Cm3SK,,uuid:12c7f9da-1644-4140-b5b6-5158bc5897ea,137,,,,,,,,,,,,,,,,,,,,,,,,,,,,,,,,,,,,,,,,,,,,,,
28-03-2026,28-03-2026,,,"Yes, I feel safe to conduct audit",A36,,Cannot find info.,0,0,1,Cannot find info. ,Cannot find info.,Cannot find info.,Do not know,OK,709246060,f58905bd-2d52-42df-af87-8230cf124456,28-03-2026,,,submitted_via_web,,v5gRYdvNEMSpkDy6nZJagS,,uuid:f58905bd-2d52-42df-af87-8230cf124456,138,,,,,,,,,,,,,,,,,,,,,,,,,,,,,,,,,,,,,,,,,,,,,,
28-03-2026,28-03-2026,,,"Yes, I feel safe to conduct audit",A36,,No,0,1,0,Does not flood,Once a year,Cannot find info.,GBA (Previously known as BBMP) Ward Office,OK,709246068,f6247cbb-2dba-4cb9-b80f-6b8e1e20430a,28-03-2026,,,submitted_via_web,,v5gRYdvNEMSpkDy6nZJagS,,uuid:f6247cbb-2dba-4cb9-b80f-6b8e1e20430a,139,,,,,,,,,,,,,,,,,,,,,,,,,,,,,,,,,,,,,,,,,,,,,,
28-03-2026,28-03-2026,,,"Yes, I feel safe to conduct audit",A36,,No,0,1,0,Does not flood,Once a year,More than 6 months,No one,OK,709246071,afe4e7ed-4653-4d72-88e6-27defb635121,28-03-2026,,,submitted_via_web,,v5gRYdvNEMSpkDy6nZJagS,,uuid:afe4e7ed-4653-4d72-88e6-27defb635121,140,,,,,,,,,,,,,,,,,,,,,,,,,,,,,,,,,,,,,,,,,,,,,,
28-03-2026,28-03-2026,,,"Yes, I feel safe to conduct audit",A36,,No,0,1,0,Does not flood,Do not know,Cannot find info.,Do not know,OK,709246073,f44d0db4-9513-4e66-b46f-0389296b1dbf,28-03-2026,,,submitted_via_web,,v5gRYdvNEMSpkDy6nZJagS,,uuid:f44d0db4-9513-4e66-b46f-0389296b1dbf,141,,,,,,,,,,,,,,,,,,,,,,,,,,,,,,,,,,,,,,,,,,,,,,
28-03-2026,28-03-2026,,,"Yes, I feel safe to conduct audit",A36,,Yes,1,0,0,More than 10 inches,Cannot find info.,More than 6 months,GBA (Previously known as BBMP) Ward Office,OK,709246075,b7fe0af3-441c-405b-8882-490ce9197c90,28-03-2026,,,submitted_via_web,,v5gRYdvNEMSpkDy6nZJagS,,uuid:b7fe0af3-441c-405b-8882-490ce9197c90,142,,,,,,,,,,,,,,,,,,,,,,,,,,,,,,,,,,,,,,,,,,,,,,
28-03-2026,28-03-2026,,,"Yes, I feel safe to conduct audit",A36,,No,0,1,0,Does not flood,Do not know,Cannot find info.,Do not know,OK,709246078,7f4d167b-cce2-430d-83ac-1a7113ec9b4e,28-03-2026,,,submitted_via_web,,v5gRYdvNEMSpkDy6nZJagS,,uuid:7f4d167b-cce2-430d-83ac-1a7113ec9b4e,143,,,,,,,,,,,,,,,,,,,,,,,,,,,,,,,,,,,,,,,,,,,,,,
28-03-2026,28-03-2026,,,"Yes, I feel safe to conduct audit",A36,,Cannot find info.,0,0,1,Cannot find info. ,Cannot find info.,Cannot find info.,Do not know,OK,709246079,79d098d5-6ac7-43ab-ba30-90e2ca735d63,28-03-2026,,,submitted_via_web,,v5gRYdvNEMSpkDy6nZJagS,,uuid:79d098d5-6ac7-43ab-ba30-90e2ca735d63,144,,,,,,,,,,,,,,,,,,,,,,,,,,,,,,,,,,,,,,,,,,,,,,
28-03-2026,28-03-2026,,,"Yes, I feel safe to conduct audit",A36,,No,0,1,0,Does not flood,Every 6 months,2-6 months back,GBA (Previously known as BBMP) Ward Office,OK,709246080,5cedd7cd-35f2-4368-a903-7a72e72a02e7,28-03-2026,,,submitted_via_web,,v5gRYdvNEMSpkDy6nZJagS,,uuid:5cedd7cd-35f2-4368-a903-7a72e72a02e7,145,,,,,,,,,,,,,,,,,,,,,,,,,,,,,,,,,,,,,,,,,,,,,,
28-03-2026,28-03-2026,,,"Yes, I feel safe to conduct audit",A38,,Yes,1,0,0,More than 10 inches,Once a year,More than 6 months,GBA SWD Dept. ,OK,709264943,7db88e75-4287-49d3-b884-59cdb89844aa,28-03-2026,,,submitted_via_web,,vYpLhLP9QFCbxRTo2Cm3SK,,uuid:7db88e75-4287-49d3-b884-59cdb89844aa,146,,,,,,,,,,,,,,,,,,,,,,,,,,,,,,,,,,,,,,,,,,,,,,
28-03-2026,28-03-2026,,,"Yes, I feel safe to conduct audit",A38,,Yes,1,0,0,2-5 inches,Once a year,More than 6 months,GBA (Previously known as BBMP) Ward Office,OK,709265024,644c4c40-c9c1-430e-9e5b-003120978d07,28-03-2026,,,submitted_via_web,,vYpLhLP9QFCbxRTo2Cm3SK,,uuid:644c4c40-c9c1-430e-9e5b-003120978d07,147,,,,,,,,,,,,,,,,,,,,,,,,,,,,,,,,,,,,,,,,,,,,,,
28-03-2026,28-03-2026,,,"No, I do not feel safe. I will stop the audit at this point ",A38,,Cannot find info.,0,0,1,Cannot find info. ,Cannot find info.,Cannot find info.,Do not know,OK,709265026,d6ab81ba-8405-47a1-ac7e-9df7ab03a084,28-03-2026,,,submitted_via_web,,vYpLhLP9QFCbxRTo2Cm3SK,,uuid:d6ab81ba-8405-47a1-ac7e-9df7ab03a084,148,,,,,,,,,,,,,,,,,,,,,,,,,,,,,,,,,,,,,,,,,,,,,,
28-03-2026,28-03-2026,,,"No, I do not feel safe. I will stop the audit at this point ",A38,,Yes,1,0,0,Cannot find info. ,Cannot find info.,Cannot find info.,Do not know,OK,709265030,6a64d381-b76f-43ab-892a-5ccbf7b7c2f4,28-03-2026,,,submitted_via_web,,vYpLhLP9QFCbxRTo2Cm3SK,,uuid:6a64d381-b76f-43ab-892a-5ccbf7b7c2f4,149,,,,,,,,,,,,,,,,,,,,,,,,,,,,,,,,,,,,,,,,,,,,,,
28-03-2026,28-03-2026,,,"No, I do not feel safe. I will stop the audit at this point ",A38,,Cannot find info.,0,0,1,Cannot find info. ,Cannot find info.,Cannot find info.,Do not know,OK,709265034,95eccc13-f6cc-488d-b6a3-3a6740f0f04d,28-03-2026,,,submitted_via_web,,vYpLhLP9QFCbxRTo2Cm3SK,,uuid:95eccc13-f6cc-488d-b6a3-3a6740f0f04d,150,,,,,,,,,,,,,,,,,,,,,,,,,,,,,,,,,,,,,,,,,,,,,,
28-03-2026,28-03-2026,,,"Yes, I feel safe to conduct audit",A38,,Yes,1,0,0,More than 10 inches,Once a year,More than 6 months,GBA SWD Dept. ,OK,709266815,6109d914-36aa-4e0d-bda6-cca5c57de1d2,28-03-2026,,,submitted_via_web,,vYpLhLP9QFCbxRTo2Cm3SK,,uuid:6109d914-36aa-4e0d-bda6-cca5c57de1d2,151,,,,,,,,,,,,,,,,,,,,,,,,,,,,,,,,,,,,,,,,,,,,,,
28-03-2026,28-03-2026,,,"Yes, I feel safe to conduct audit",A38,,Yes,1,0,0,More than 10 inches,Once a year,More than 6 months,GBA SWD Dept. ,OK,709266941,5d100056-c8b8-4849-b63c-75b6b4c90bce,28-03-2026,,,submitted_via_web,,vYpLhLP9QFCbxRTo2Cm3SK,,uuid:5d100056-c8b8-4849-b63c-75b6b4c90bce,152,,,,,,,,,,,,,,,,,,,,,,,,,,,,,,,,,,,,,,,,,,,,,,
28-03-2026,28-03-2026,,,"Yes, I feel safe to conduct audit",A38,,Yes,1,0,0,More than 10 inches,Once a year,More than 6 months,GBA SWD Dept. ,OK,709267716,33786dcc-3c4f-4b63-8152-2361144ab181,28-03-2026,,,submitted_via_web,,vYpLhLP9QFCbxRTo2Cm3SK,,uuid:33786dcc-3c4f-4b63-8152-2361144ab181,153,,,,,,,,,,,,,,,,,,,,,,,,,,,,,,,,,,,,715286475,b2b52fa1-83f7-4f42-adaa-bd58ea01709a,04-04-2026,,,submitted_via_web,,vYpLhLP9QFCbxRTo2Cm3SK,,uuid:b2b52fa1-83f7-4f42-adaa-bd58ea01709a,154
04-04-2026,04-04-2026,,,"Yes, I feel safe to conduct audit",A36,,No,0,1,0,More than 10 inches,Cannot find info.,Cannot find info.,Do not know,OK,715286475,b2b52fa1-83f7-4f42-adaa-bd58ea01709a,04-04-2026,,,submitted_via_web,,vYpLhLP9QFCbxRTo2Cm3SK,,uuid:b2b52fa1-83f7-4f42-adaa-bd58ea01709a,154,,,,,,,,,,,,,,,,,,,,,,,,,,,,,,,,,,,,715286508,b1fa7fca-f578-4ff7-a591-fddc8725aed0,04-04-2026,,,submitted_via_web,,vYpLhLP9QFCbxRTo2Cm3SK,,uuid:b1fa7fca-f578-4ff7-a591-fddc8725aed0,155
04-04-2026,04-04-2026,,,"Yes, I feel safe to conduct audit",A36,,Yes,1,0,0,More than 10 inches,Do not know,More than 6 months,No one,OK,715286508,b1fa7fca-f578-4ff7-a591-fddc8725aed0,04-04-2026,,,submitted_via_web,,vYpLhLP9QFCbxRTo2Cm3SK,,uuid:b1fa7fca-f578-4ff7-a591-fddc8725aed0,155,,,,,,,,,,,,,,,,,,,,,,,,,,,,,,,,,,,,,,,,,,,,,,
2026-04-08,2026-04-08,,,"Yes, I feel safe to conduct audit",A47,,Cannot find info.,0,0,1,Cannot find info. ,Cannot find info.,Cannot find info.,Do not know,OK,719175639,ac384507-98cf-4855-8e7c-0d9f1ee127e2,2026-04-08,,,submitted_via_web,,vYpLhLP9QFCbxRTo2Cm3SK,,uuid:ac384507-98cf-4855-8e7c-0d9f1ee127e2,156,,,,,,,,,,,,,,,,,,,,,,,,,,,,,,,,,,,,,,,,,,,,,,
2026-04-08,2026-04-08,,,"Yes, I feel safe to conduct audit",A47,,Cannot find info.,0,0,1,Does not flood,Cannot find info.,Cannot find info.,Do not know,OK,719175813,d454070b-fb66-4d44-8d96-7e559ded369f,2026-04-08,,,submitted_via_web,,vYpLhLP9QFCbxRTo2Cm3SK,,uuid:d454070b-fb66-4d44-8d96-7e559ded369f,157,,,,,,,,,,,,,,,,,,,,,,,,,,,,,,,,,,,,,,,,,,,,,,
2026-04-08,2026-04-08,,,"Yes, I feel safe to conduct audit",A47,,Cannot find info.,0,0,1,Cannot find info. ,Cannot find info.,Cannot find info.,Do not know,OK,719175914,12faef69-0b7c-4b2d-97d7-7b8acce84fe0,2026-04-08,,,submitted_via_web,,vYpLhLP9QFCbxRTo2Cm3SK,,uuid:12faef69-0b7c-4b2d-97d7-7b8acce84fe0,158,,,,,,,,,,,,,,,,,,,,,,,,,,,,,,,,,,,,,,,,,,,,,,
2026-04-08,2026-04-08,,,"Yes, I feel safe to conduct audit",A47,,Cannot find info.,0,0,1,Cannot find info. ,Cannot find info.,Cannot find info.,Do not know,OK,719176003,af447afd-94d1-4de0-9acb-a2c1725e0d74,2026-04-08,,,submitted_via_web,,vYpLhLP9QFCbxRTo2Cm3SK,,uuid:af447afd-94d1-4de0-9acb-a2c1725e0d74,159,,,,,,,,,,,,,,,,,,,,,,,,,,,,,,,,,,,,,,,,,,,,,,
2026-04-08,2026-04-08,,,"Yes, I feel safe to conduct audit",A47,,Cannot find info.,0,0,1,Cannot find info. ,Cannot find info.,Cannot find info.,Do not know,OK,719176090,61d4fa79-626c-4043-8444-83a391fbbd22,2026-04-08,,,submitted_via_web,,vYpLhLP9QFCbxRTo2Cm3SK,,uuid:61d4fa79-626c-4043-8444-83a391fbbd22,160,,,,,,,,,,,,,,,,,,,,,,,,,,,,,,,,,,,,,,,,,,,,,,
2026-04-08,2026-04-08,,,"Yes, I feel safe to conduct audit",A47,,Cannot find info.,0,0,1,Cannot find info. ,Cannot find info.,Cannot find info.,Do not know,OK,719176245,7160cb39-59bf-45c4-9623-6876213946cf,2026-04-08,,,submitted_via_web,,vYpLhLP9QFCbxRTo2Cm3SK,,uuid:7160cb39-59bf-45c4-9623-6876213946cf,161,,,,,,,,,,,,,,,,,,,,,,,,,,,,,,,,,,,,,,,,,,,,,,
2026-04-08,2026-04-08,,,"Yes, I feel safe to conduct audit",A45,,No,0,1,0,Does not flood,Cannot find info.,Last month,GBA (Previously known as BBMP) Ward Office,OK,719181987,0dba421b-4480-4f05-a971-eb6901422eaf,2026-04-08,,,submitted_via_web,,vYpLhLP9QFCbxRTo2Cm3SK,,uuid:0dba421b-4480-4f05-a971-eb6901422eaf,162,,,,,,,,,,,,,,,,,,,,,,,,,,,,,,,,,,,,,,,,,,,,,,
2026-04-08,2026-04-08,,,"Yes, I feel safe to conduct audit",A45,,Cannot find info. No,0,1,1,Does not flood,Cannot find info.,Cannot find info.,Do not know,OK,719182756,1c17d3e8-5e0f-444c-8fb6-b4c637b71565,2026-04-08,,,submitted_via_web,,vYpLhLP9QFCbxRTo2Cm3SK,,uuid:1c17d3e8-5e0f-444c-8fb6-b4c637b71565,163,,,,,,,,,,,,,,,,,,,,,,,,,,,,,,,,,,,,,,,,,,,,,,
2026-04-08,2026-04-08,,,"Yes, I feel safe to conduct audit",A44,,No,0,1,0,Does not flood,Every 6 months,Last month,GBA (Previously known as BBMP) Ward Office,OK,719186907,eac4f32e-6dfe-4082-bad0-315f68c427a9,2026-04-08,,,submitted_via_web,,vYpLhLP9QFCbxRTo2Cm3SK,,uuid:eac4f32e-6dfe-4082-bad0-315f68c427a9,164,,,,,,,,,,,,,,,,,,,,,,,,,,,,,,,,,,,,,,,,,,,,,,
2026-04-08,2026-04-08,,,"Yes, I feel safe to conduct audit",A44,,No,0,1,0,Does not flood,Do not know,More than 6 months,GBA (Previously known as BBMP) Ward Office,OK,719187053,bc5626c8-41e5-43a7-b1dd-fdde1267e276,2026-04-08,,,submitted_via_web,,vYpLhLP9QFCbxRTo2Cm3SK,,uuid:bc5626c8-41e5-43a7-b1dd-fdde1267e276,165,,,,,,,,,,,,,,,,,,,,,,,,,,,,,,,,,,,,,,,,,,,,,,
2026-04-08,2026-04-08,,,"Yes, I feel safe to conduct audit",A44,,No,0,1,0,Cannot find info. ,Do not know,Cannot find info.,Do not know,OK,719187145,488c36a3-0fca-4f7f-9979-9a089a00e9f7,2026-04-08,,,submitted_via_web,,vYpLhLP9QFCbxRTo2Cm3SK,,uuid:488c36a3-0fca-4f7f-9979-9a089a00e9f7,166,,,,,,,,,,,,,,,,,,,,,,,,,,,,,,,,,,,,,,,,,,,,,,
2026-04-08,2026-04-08,,,"Yes, I feel safe to conduct audit",A44,,No,0,1,0,Cannot find info. ,Cannot find info.,More than 6 months,GBA (Previously known as BBMP) Ward Office,OK,719187155,47ca04d5-f946-4d36-ab9d-663ee62bde79,2026-04-08,,,submitted_via_web,,vYpLhLP9QFCbxRTo2Cm3SK,,uuid:47ca04d5-f946-4d36-ab9d-663ee62bde79,167,,,,,,,,,,,,,,,,,,,,,,,,,,,,,,,,,,,,,,,,,,,,,,
2026-04-08,2026-04-08,,,"Yes, I feel safe to conduct audit",A44,,Cannot find info.,0,0,1,Cannot find info. ,Do not know,Cannot find info.,GBA (Previously known as BBMP) Ward Office,OK,719187166,8eefcbbe-304b-4af8-80db-72e93d8b3676,2026-04-08,,,submitted_via_web,,vYpLhLP9QFCbxRTo2Cm3SK,,uuid:8eefcbbe-304b-4af8-80db-72e93d8b3676,168,,,,,,,,,,,,,,,,,,,,,,,,,,,,,,,,,,,,,,,,,,,,,,
2026-04-08,2026-04-08,,,"Yes, I feel safe to conduct audit",A41,,Yes,1,0,0,Upto  1 inch,Every 6 months,2-6 months back,GBA (Previously known as BBMP) Ward Office,OK,719191139,89e72191-dd97-4a30-b5b1-637b6a18457a,2026-04-08,,,submitted_via_web,,vYpLhLP9QFCbxRTo2Cm3SK,,uuid:89e72191-dd97-4a30-b5b1-637b6a18457a,169,,,,,,,,,,,,,,,,,,,,,,,,,,,,,,,,,,,,,,,,,,,,,,
2026-04-08,2026-04-08,,,"Yes, I feel safe to conduct audit",A41,,No,0,1,0,Does not flood,Every 6 months,Last month,Do not know,OK,719191152,ac56b177-8b1d-4efd-ad70-2e05453afeda,2026-04-08,,,submitted_via_web,,vYpLhLP9QFCbxRTo2Cm3SK,,uuid:ac56b177-8b1d-4efd-ad70-2e05453afeda,170,,,,,,,,,,,,,,,,,,,,,,,,,,,,,,,,,,,,,,,,,,,,,,
2026-04-08,2026-04-08,,,"Yes, I feel safe to conduct audit",A41,,No,0,1,0,Does not flood,Do not know,Cannot find info.,Do not know,OK,719191159,48cb8c5a-4a84-496c-8303-9a0f0f1becef,2026-04-08,,,submitted_via_web,,vYpLhLP9QFCbxRTo2Cm3SK,,uuid:48cb8c5a-4a84-496c-8303-9a0f0f1becef,171,,,,,,,,,,,,,,,,,,,,,,,,,,,,,,,,,,,,,,,,,,,,,,
2026-04-08,2026-04-08,,,"Yes, I feel safe to conduct audit",A41,,Yes,1,0,0,6-10 inches,Do not know,More than 6 months,Do not know,OK,719191171,ea02fc30-baa4-4a45-9f52-a8a6d4eb7dd9,2026-04-08,,,submitted_via_web,,vYpLhLP9QFCbxRTo2Cm3SK,,uuid:ea02fc30-baa4-4a45-9f52-a8a6d4eb7dd9,172,,,,,,,,,,,,,,,,,,,,,,,,,,,,,,,,,,,,,,,,,,,,,,
2026-04-08,2026-04-08,,,"Yes, I feel safe to conduct audit",A41,,Yes,1,0,0,Does not flood,Once a year,Cannot find info.,Do not know,OK,719191178,cc5debf0-70bb-4fa7-b6d9-969d86be4992,2026-04-08,,,submitted_via_web,,vYpLhLP9QFCbxRTo2Cm3SK,,uuid:cc5debf0-70bb-4fa7-b6d9-969d86be4992,173,,,,,,,,,,,,,,,,,,,,,,,,,,,,,,,,,,,,,,,,,,,,,,
2026-04-08,2026-04-08,,,"No, I do not feel safe. I will stop the audit at this point ",A48,,Cannot find info.,0,0,1,Does not flood,Cannot find info.,Cannot find info.,Do not know,OK,719197057,999da700-8864-4174-83bf-6bf72b46ffd1,2026-04-08,,,submitted_via_web,,vYpLhLP9QFCbxRTo2Cm3SK,,uuid:999da700-8864-4174-83bf-6bf72b46ffd1,174,,,,,,,,,,,,,,,,,,,,,,,,,,,,,,,,,,,,,,,,,,,,,,
2026-04-08,2026-04-08,,,"No, I do not feel safe. I will stop the audit at this point ",A48,,No,0,1,0,Does not flood,Cannot find info.,Cannot find info.,No one,OK,719197119,4a7d842d-796f-493c-9f93-565f6368acc0,2026-04-08,,,submitted_via_web,,vYpLhLP9QFCbxRTo2Cm3SK,,uuid:4a7d842d-796f-493c-9f93-565f6368acc0,175,,,,,,,,,,,,,,,,,,,,,,,,,,,,,,,,,,,,,,,,,,,,,,
2026-04-08,2026-04-08,,,"Yes, I feel safe to conduct audit",A48,,No,0,1,0,Does not flood,Do not know,Cannot find info.,Do not know,OK,719197206,02def328-3893-4c0e-ae1a-da7fcf07a274,2026-04-08,,,submitted_via_web,,vYpLhLP9QFCbxRTo2Cm3SK,,uuid:02def328-3893-4c0e-ae1a-da7fcf07a274,176,,,,,,,,,,,,,,,,,,,,,,,,,,,,,,,,,,,,,,,,,,,,,,
2026-04-08,2026-04-08,,,"No, I do not feel safe. I will stop the audit at this point ",A48,,No,0,1,0,Upto  1 inch,Cannot find info.,Cannot find info.,Private,OK,719197255,41785234-4014-46e0-b4d5-986cd87b3273,2026-04-08,,,submitted_via_web,,vYpLhLP9QFCbxRTo2Cm3SK,,uuid:41785234-4014-46e0-b4d5-986cd87b3273,177,,,,,,,,,,,,,,,,,,,,,,,,,,,,,,,,,,,,,,,,,,,,,,
2026-04-08,2026-04-08,,,"Yes, I feel safe to conduct audit",A48,,Cannot find info.,0,0,1,Cannot find info. ,Cannot find info.,Cannot find info.,Do not know,OK,719197310,905f9de2-5417-4634-b3fb-6ba7bbdb8d5d,2026-04-08,,,submitted_via_web,,vYpLhLP9QFCbxRTo2Cm3SK,,uuid:905f9de2-5417-4634-b3fb-6ba7bbdb8d5d,178,,,,,,,,,,,,,,,,,,,,,,,,,,,,,,,,,,,,,,,,,,,,,,
2026-04-08,2026-04-08,,,"Yes, I feel safe to conduct audit",A48,,No,0,1,0,Does not flood,Cannot find info.,Cannot find info.,No one,OK,719197343,ba382b54-01a6-4954-aba3-cfb35b302977,2026-04-08,,,submitted_via_web,,vYpLhLP9QFCbxRTo2Cm3SK,,uuid:ba382b54-01a6-4954-aba3-cfb35b302977,179,,,,,,,,,,,,,,,,,,,,,,,,,,,,,,,,,,,,,,,,,,,,,,
2026-04-08,2026-04-08,,,"Yes, I feel safe to conduct audit",A43,,Yes,1,0,0,Upto  1 inch,Do not know,More than 6 months,No one,OK,719199559,7ad845b5-61cf-42fa-9214-4ab0bc19fd46,2026-04-08,,,submitted_via_web,,vYpLhLP9QFCbxRTo2Cm3SK,,uuid:7ad845b5-61cf-42fa-9214-4ab0bc19fd46,180,,,,,,,,,,,,,,,,,,,,,,,,,,,,,,,,,,,,,,,,,,,,,,
2026-04-08,2026-04-08,,,"Yes, I feel safe to conduct audit",A43,,Yes,1,0,0,2-5 inches,Cannot find info.,More than 6 months,Do not know,OK,719199867,0bd4398c-416c-421a-a93d-94a352880981,2026-04-08,,,submitted_via_web,,vYpLhLP9QFCbxRTo2Cm3SK,,uuid:0bd4398c-416c-421a-a93d-94a352880981,181,,,,,,,,,,,,,,,,,,,,,,,,,,,,,,,,,,,,,,,,,,,,,,
2026-04-08,2026-04-08,,,"Yes, I feel safe to conduct audit",A40,,Yes,1,0,0,Upto  1 inch,Every 6 months,2-6 months back,GBA (Previously known as BBMP) Ward Office,OK,719202976,26db95ac-9f13-4b2d-8de2-8c5047ef78ee,2026-04-08,,,submitted_via_web,,vYpLhLP9QFCbxRTo2Cm3SK,,uuid:26db95ac-9f13-4b2d-8de2-8c5047ef78ee,182,,,,,,,,,,,,,,,,,,,,,,,,,,,,,,,,,,,,,,,,,,,,,,
2026-04-08,2026-04-08,,,"Yes, I feel safe to conduct audit",A40,,No,0,1,0,Does not flood,Every 6 months,2-6 months back,GBA (Previously known as BBMP) Ward Office,OK,719202986,8db34573-bdce-4873-b397-0ee42df09e21,2026-04-08,,,submitted_via_web,,vYpLhLP9QFCbxRTo2Cm3SK,,uuid:8db34573-bdce-4873-b397-0ee42df09e21,183,,,,,,,,,,,,,,,,,,,,,,,,,,,,,,,,,,,,,,,,,,,,,,
2026-04-08,2026-04-08,,,"Yes, I feel safe to conduct audit",A40,,No,0,1,0,Does not flood,Once a year,2-6 months back,GBA (Previously known as BBMP) Ward Office,OK,719202995,12de4120-a231-4822-99fb-73e1056124cd,2026-04-08,,,submitted_via_web,,vYpLhLP9QFCbxRTo2Cm3SK,,uuid:12de4120-a231-4822-99fb-73e1056124cd,184,,,,,,,,,,,,,,,,,,,,,,,,,,,,,,,,,,,,,,,,,,,,,,
2026-04-08,2026-04-08,,,"Yes, I feel safe to conduct audit",A40,,No,0,1,0,Does not flood,Every 6 months,2-6 months back,GBA (Previously known as BBMP) Ward Office,OK,719203004,9d10eec7-59e0-4e45-bd18-3dab66fc5ef4,2026-04-08,,,submitted_via_web,,vYpLhLP9QFCbxRTo2Cm3SK,,uuid:9d10eec7-59e0-4e45-bd18-3dab66fc5ef4,185,,,,,,,,,,,,,,,,,,,,,,,,,,,,,,,,,,,,,,,,,,,,,,
2026-04-08,2026-04-08,,,"Yes, I feel safe to conduct audit",A40,,No,0,1,0,Does not flood,Every 6 months,2-6 months back,GBA (Previously known as BBMP) Ward Office,OK,719203012,8c312ef2-0eaf-4ca0-b6bc-b0e2ba9143e3,2026-04-08,,,submitted_via_web,,vYpLhLP9QFCbxRTo2Cm3SK,,uuid:8c312ef2-0eaf-4ca0-b6bc-b0e2ba9143e3,186,,,,,,,,,,,,,,,,,,,,,,,,,,,,,,,,,,,,,,,,,,,,,,
2026-04-08,2026-04-08,,,"Yes, I feel safe to conduct audit",A45,,Yes,1,0,0,More than 10 inches,Every 6 months,Last month,Do not know,OK,719228214,9d8b013c-0b19-4679-9c71-946a74fc8ccf,2026-04-08,,,submitted_via_web,,vYpLhLP9QFCbxRTo2Cm3SK,,uuid:9d8b013c-0b19-4679-9c71-946a74fc8ccf,187,,,,,,,,,,,,,,,,,,,,,,,,,,,,,,,,,,,,,,,,,,,,,,
2026-04-08,2026-04-08,,,"Yes, I feel safe to conduct audit",A46,,No,0,1,0,Does not flood,Do not know,2-6 months back,No one,OK,719228299,9386a908-2c3a-4a83-a0e7-5babb4334493,2026-04-08,,,submitted_via_web,,vYpLhLP9QFCbxRTo2Cm3SK,,uuid:9386a908-2c3a-4a83-a0e7-5babb4334493,188,,,,,,,,,,,,,,,,,,,,,,,,,,,,,,,,,,,,,,,,,,,,,,
2026-04-08,2026-04-08,,,"Yes, I feel safe to conduct audit",A42,,No,0,1,0,6-10 inches,Do not know,More than 6 months,Do not know,OK,719230959,90777439-329c-400b-b7a1-f66bf8f75286,2026-04-08,,,submitted_via_web,,vYpLhLP9QFCbxRTo2Cm3SK,,uuid:90777439-329c-400b-b7a1-f66bf8f75286,189,,,,,,,,,,,,,,,,,,,,,,,,,,,,,,,,,,,,,,,,,,,,,,
